WinPct,HomeWinPct,BlowoutWinPct,AvgPointDiff,SdPointDiff,PPG,Last5WinPct,AvgOppWinPct,madePlayoffs
0.20833333333333334,0.36363636363636365,0,-6.458333333333333,9.002314517204265,58.916666666666664,0,0.5038194444444444,no
0.64,0.6666666666666666,0.125,3.04,8.786732422616877,72.88,0.6,0.46759999999999996,yes
0.4583333333333333,0.5833333333333334,0.36363636363636365,0,11.713982725971036,67.91666666666667,0.2,0.53,yes
0.3333333333333333,0.42857142857142855,0.25,-0.4583333333333333,10.930528316388111,61.333333333333336,0,0.5131249999999999,no
0.6666666666666666,0.8181818181818182,0.25,2.125,11.558217479540165,64.375,0.4,0.47729166666666667,yes
0.5416666666666666,0.6923076923076923,0,1.0833333333333333,9.050182158467821,64.75,0.4,0.4847222222222222,yes
0.2916666666666667,0.36363636363636365,0,-3.5,7.9235477341688405,58.666666666666664,0.4,0.5131249999999999,no
0.4583333333333333,0.6,0.09090909090909091,-2.0833333333333335,10.578553639389899,68.66666666666667,0.4,0.5052083333333334,no
0.72,0.6923076923076923,0,1.4,8.80814017448254,62.88,1,0.4612,yes
0.375,0.38461538461538464,0.1111111111111111,-3.875,9.705724442643204,65.04166666666667,0.6,0.49256944444444445,no
0.7916666666666666,1,0.47368421052631576,8.958333333333334,11.039372881789454,68,0.6,0.48409722222222223,yes
0.55,0.5555555555555556,0.36363636363636365,1.9,10.587480193233198,70.9,0.4,0.575,yes
0.55,0.5625,0,-1.75,9.066276436390666,70.8,0.6,0.47250000000000003,yes
0.7,0.7,0.14285714285714285,4.3,9.044335243676011,78.2,0.8,0.515,yes
0.6,0.45454545454545453,0.5833333333333334,6.4,13.808464223458245,76.75,0.6,0.47000000000000003,yes
0.5,0.4444444444444444,0.2,-0.6,12.708886240488747,71.8,0.6,0.4575,yes
0.1,0.1111111111111111,0,-9.6,10.033627669518454,70.3,0,0.5675,no
0.6,0.75,0.16666666666666666,1.3,11.429877744891145,68.55,0.8,0.52,yes
0.55,0.7777777777777778,0.36363636363636365,2.75,12.160657011336534,72.2,0.6,0.535,yes
0.4583333333333333,0.4444444444444444,0.18181818181818182,0.3333333333333333,10.436835546844842,79.08333333333333,0.6,0.4756944444444444,yes
0.4166666666666667,0.6363636363636364,0.1,-3.7083333333333335,11.203567625369692,74.375,0.4,0.4895833333333333,no
0.625,0.6363636363636364,0,3,7.052597424692736,83.91666666666667,0.6,0.4479166666666667,yes
0.3333333333333333,0.45454545454545453,0.25,-2.0833333333333335,9.788709852667518,73.79166666666667,0.2,0.4704861111111111,no
0.20833333333333334,0.3333333333333333,0.4,-5.625,9.590813086082635,73.95833333333333,0.2,0.5173611111111112,no
0.5833333333333334,0.7,0.42857142857142855,4.708333333333333,13.982844043192067,82.58333333333333,0.6,0.4878472222222222,yes
0.6666666666666666,0.6923076923076923,0.1875,3.9583333333333335,9.728841776842739,77,0.6,0.4184027777777778,yes
0.375,0.5454545454545454,0.1111111111111111,-0.3333333333333333,9.959337618391167,80.66666666666667,0.8,0.4809027777777778,yes
0.125,0.0625,0,-10.75,10.292462417162167,78.625,0.2,0.5520833333333334,no
0.6666666666666666,0.75,0.3125,5.458333333333333,12.642162606228368,84.95833333333333,0.4,0.4826388888888889,yes
0.4166666666666667,0.6153846153846154,0,-2.9166666666666665,11.627989719961754,75.375,0.4,0.4878472222222222,yes
0.875,1,0.19047619047619047,6.875,10.079305100270942,81.04166666666667,0.8,0.3836805555555556,yes
0.6153846153846154,0.6470588235294118,0.1875,4.115384615384615,10.572897135892028,88.61538461538461,0.4,0.48683009298393914,yes
0.39285714285714285,0.46153846153846156,0.2727272727272727,-4.285714285714286,12.495501836163529,73.32142857142857,0.2,0.4654513343799058,no
0.32142857142857145,0.5,0.4444444444444444,-1.5714285714285714,13.334523756382294,81.96428571428571,0.4,0.5049293563579278,no
0.5357142857142857,0.6875,0.3333333333333333,4.428571428571429,13.945472042071236,79.14285714285714,0.4,0.4934458398744113,yes
0.12,0.375,0,-11.72,12.081390648431166,70.16,0,0.5248791208791208,no
0.6071428571428571,0.9333333333333333,0.35294117647058826,1.6428571428571428,14.029636054819377,81.10714285714286,0.6,0.4614678178963893,yes
0.5769230769230769,0.8333333333333334,0.4,-0.15384615384615385,17.210908884059105,81.6923076923077,0.8,0.45677937447168215,yes
0.6071428571428571,0.8181818181818182,0.35294117647058826,3.107142857142857,15.002072167276403,83,0.6,0.46020015698587124,yes
0.6428571428571429,0.7,0.3888888888888889,3.9642857142857144,12.882609992219752,81.17857142857143,0.6,0.4800706436420722,yes
0.2857142857142857,0.35714285714285715,0.25,-4.25,13.257073583562851,72.17857142857143,0.4,0.5007810047095761,yes
0.7142857142857143,1,0.65,9.714285714285714,15.084593913823916,85.53571428571429,1,0.45971350078492934,yes
0.48,0.5625,0.25,-3,12.858201014657274,84.76,0.6,0.47842637362637364,yes
0.42857142857142855,0.5833333333333334,0.3333333333333333,-0.6428571428571429,15.587778417043141,73.35714285714286,0.4,0.47864992150706437,no
0.8846153846153846,1,0.391304347826087,11.5,10.722872749408156,85.57692307692308,1,0.42006339814032123,yes
0.2692307692307692,0.5,0.2857142857142857,-4.230769230769231,12.407441935572997,80.76923076923077,0,0.5254015215553677,yes
0.2,0.38461538461538464,0.4,-7.28,14.435257762390897,76.24,0,0.49013186813186815,no
0.5,0.6470588235294118,0.42857142857142855,-0.14285714285714285,13.599330826985529,76.21428571428571,0.6,0.5106632653061225,yes
0.37037037037037035,0.6666666666666666,0.3,-2.5555555555555554,14.091277534847668,79.33333333333333,0.6,0.5059768763472468,no
0.5,0.6666666666666666,0.07142857142857142,-1.0714285714285714,12.610778962131802,82.64285714285714,0.6,0.46480536659108085,yes
0.5357142857142857,0.9230769230769231,0.26666666666666666,-2.0357142857142856,15.435606127001833,78.96428571428571,0.4,0.48630007558578986,yes
0.4642857142857143,0.75,0.23076923076923078,-1.75,15.452735584259411,81.5,0.2,0.4876228269085412,yes
0.5714285714285714,0.8461538461538461,0.3125,5.035714285714286,10.386893960061697,78.89285714285714,0.4,0.4821900982615268,yes
0.5185185185185185,0.75,0.21428571428571427,1.1111111111111112,12.264185925297138,86.07407407407408,0.6,0.47868900646678425,yes
0.5185185185185185,0.8,0.2857142857142857,1.3333333333333333,11.867862227299145,83.29629629629629,0.4,0.49559082892416223,yes
0.6428571428571429,0.8571428571428571,0.3333333333333333,4.571428571428571,11.292175499576134,82.39285714285714,1,0.47482048374905517,yes
0.48148148148148145,0.6923076923076923,0.23076923076923078,0.07407407407407407,13.0499806245831,83,0.2,0.4844209288653733,yes
0.42857142857142855,0.625,0.25,-1.25,12.706443393164891,80.39285714285714,0.8,0.4922996976568405,no
0.35714285714285715,0.5,0.4,-0.7142857142857143,16.679921469233008,81.35714285714286,0.4,0.5061413454270597,no
0.4827586206896552,0.5625,0.35714285714285715,4.275862068965517,11.077314500894346,103.62068965517241,0.4,0.40309155766944116,yes
0.3793103448275862,0.6428571428571429,0.2727272727272727,-0.6551724137931034,12.44495268334277,95.44827586206897,0.4,0.41854934601664684,yes
0.2413793103448276,0.2857142857142857,0.14285714285714285,-0.4482758620689655,12.971359128305252,99.6896551724138,0.2,0.45065398335315104,yes
0.41379310344827586,0.5,0.25,1.6206896551724137,11.721207254689645,100.13793103448276,0.4,0.42806183115338886,no
0.4482758620689655,0.625,0.3076923076923077,2.2758620689655173,14.43432553653205,100.37931034482759,0.4,0.4054696789536266,yes
0.5172413793103449,0.7333333333333333,0,-0.4827586206896552,9.781983036083563,92.20689655172414,0.4,0.36741973840665876,no
0.4482758620689655,0.6153846153846154,0.15384615384615385,-0.5862068965517241,11.605162771614408,96.17241379310344,0.8,0.380499405469679,yes
0.3448275862068966,0.6,0.1,-5.137931034482759,11.02828874800436,95.06896551724138,0.4,0.4268727705112961,yes
0.7586206896551724,0.8461538461538461,0.4090909090909091,9.89655172413793,10.714958927946771,112,0.8,0.3733650416171225,yes
0.27586206896551724,0.375,0,-3.3793103448275863,10.030004248337828,99.41379310344827,0,0.4470868014268728,yes
0.3448275862068966,0.2857142857142857,0.1,-3.9310344827586206,11.310333563613279,101.86206896551724,0.4,0.41141498216409034,yes
0.2413793103448276,0.4166666666666667,0.2857142857142857,-6.413793103448276,11.277402314170805,105.82758620689656,0.4,0.4708680142687277,no
0.3793103448275862,0.46153846153846156,0.2727272727272727,-0.20689655172413793,12.015999186634541,111.6896551724138,0.6,0.455410225921522,no
0.3793103448275862,0.5333333333333333,0.18181818181818182,-2.0689655172413794,13.060111119858597,102.62068965517241,0.4,0.44589774078478,yes
0.4827586206896552,0.5555555555555556,0.2857142857142857,3.8620689655172415,11.88253261223331,110.82758620689656,0.6,0.4054696789536266,yes
0.5172413793103449,0.7333333333333333,0.3333333333333333,1.9655172413793103,14.024169847141678,107.93103448275862,0.6,0.40190249702734837,yes
0.5862068965517241,0.6,0.17647058823529413,6.275862068965517,10.436531141428643,112.79310344827586,0.8,0.4161712247324614,yes
0.1724137931034483,0.2,0.4,-10.10344827586207,11.97719507941836,99.34482758620689,0.2,0.4839476813317479,no
0.3793103448275862,0.4117647058823529,0.36363636363636365,-0.06896551724137931,9.913666737254179,104,0.2,0.47205707491082044,yes
0.3793103448275862,0.5384615384615384,0.2727272727272727,-1.2413793103448276,11.095865293026282,103.27586206896552,0.4,0.43162901307966706,yes
0.5517241379310345,0.6,0.125,0.13793103448275862,12.141205335347635,107,0.2,0.43162901307966706,yes
0.3448275862068966,0.46153846153846156,0.2,-2.413793103448276,10.472812561851043,100.48275862068965,0.4,0.4839476813317479,no
0.6206896551724138,0.7142857142857143,0.05555555555555555,4.206896551724138,10.526766259482224,104.93103448275862,0.6,0.38525564803804996,yes
0.4827586206896552,0.42857142857142855,0.2857142857142857,1.0344827586206897,10.19622744877693,106,0.2,0.42925089179548154,yes
0.7666666666666667,0.7142857142857143,0.43478260869565216,8.466666666666667,14.481220498508984,123.6,0.8,0.3833333333333333,yes
0.23333333333333334,0.26666666666666666,0.2857142857142857,-6.7,12.611297617065697,109.6,0.2,0.49666666666666665,no
0.3333333333333333,0.4,0.3,-1.4666666666666666,12.786666906379967,110.06666666666666,0.4,0.42,yes
0.26666666666666666,0.25,0.375,-5.4,13.499936142888565,102.3,0.2,0.45111111111111113,yes
0.26666666666666666,0.23529411764705882,0.375,-2.1,11.830265103276135,114.7,0.2,0.4866666666666667,no
0.5333333333333333,0.5882352941176471,0.125,3.433333333333333,12.566192557903085,118.5,0.4,0.44,yes
0.6,0.7333333333333333,0.3333333333333333,4.966666666666667,13.158145067189198,110.56666666666666,0.8,0.4022222222222222,yes
0.5333333333333333,0.6875,0.125,1.4666666666666666,13.82834004881812,113.73333333333333,0.4,0.42444444444444446,yes
0.59375,0.5294117647058824,0.5789473684210527,8.25,13.485954461658823,120.9375,0.8,0.3720703125,yes
0.375,0.5625,0.08333333333333333,-5.9375,12.99612225044021,115.53125,0.4,0.4169921875,no
0.3125,0.5294117647058824,0.2,-3.25,14.239880390943847,116.5,0.4,0.439453125,yes
0.3125,0.4666666666666667,0.2,-1.9375,11.749914206962012,116.71875,0.2,0.4462890625,yes
0.21875,0.26666666666666666,0,-5.375,13.00558192816925,112.125,0.4,0.4443359375,no
0.5,0.5,0.3125,3.53125,10.713224793864402,119.4375,0.2,0.3876953125,yes
0.625,0.7777777777777778,0.4,5.0625,14.246533251195512,117.90625,0.8,0.37890625,yes
0.375,0.5714285714285714,0.25,0.25,18.33734071549441,118.5,0.4,0.4267578125,yes
0.75,0.7058823529411765,0.375,10.84375,9.588667286050791,120,0.8,0.35546875,yes
0.125,0.21428571428571427,0,-10,12.613356975585381,109.03125,0,0.4365234375,no
0.5,0.5,0.3125,3.46875,12.869028524379388,122.875,0.6,0.3955078125,yes
0.25,0.35294117647058826,0.25,-2.375,13.978670387646016,115.84375,0,0.4599609375,yes
0.625,0.6875,0.1,2.875,9.50636459125861,120.4375,0.6,0.3681640625,yes
0.1875,0.35294117647058826,0.5,-8.59375,15.864058332412723,109.15625,0.2,0.416015625,no
0.59375,0.5333333333333333,0.3684210526315789,6.3125,14.631908349066565,125.40625,0.8,0.3994140625,yes
0.3125,0.4666666666666667,0.2,-2.125,12.356923095459354,118.1875,0,0.41015625,no
0.34375,0.4117647058823529,0.45454545454545453,-1.0625,15.328526011245156,118.875,0.4,0.4619140625,yes
0.53125,0.5263157894736842,0.35294117647058826,7.15625,11.328267170965479,115.40625,0.2,0.3837890625,yes
0.28125,0.5384615384615384,0.1111111111111111,-4.875,13.830191377865567,110.125,0.4,0.453125,no
0.5,0.625,0.0625,2.59375,10.047819134261857,122.15625,0.6,0.4189453125,yes
0.1875,0.3333333333333333,0.16666666666666666,-5.625,13.50686802596989,110.625,0.2,0.451171875,yes
0.65625,0.8125,0.42857142857142855,6.71875,12.008691408927065,118.375,0.8,0.38671875,yes
0.25,0.4,0,-7.84375,16.138731962420056,110.6875,0.4,0.435546875,no
0.375,0.4444444444444444,0.4166666666666667,-1.53125,13.502650576114497,121.03125,0.6,0.4306640625,no
0.59375,0.8823529411764706,0.3684210526315789,2.3125,12.516924026963421,110.96875,0.6,0.3779296875,yes
0.4375,0.5625,0.35714285714285715,3.59375,13.599951079134025,119.28125,0.4,0.443359375,yes
0.28125,0.375,0.3333333333333333,-3.0625,11.625715378612885,109.84375,0.6,0.4921875,no
0.6875,0.6875,0.5454545454545454,11.125,11.847825443596621,116.21875,0.6,0.4375,yes
0.5625,0.5882352941176471,0.2777777777777778,3.8125,11.57984205140484,113.84375,0.8,0.458984375,yes
0.1875,0.21428571428571427,0.16666666666666666,-7.65625,10.462249727225913,108.5,0,0.4990234375,no
0.625,0.6666666666666666,0.25,3.375,12.98075498574717,112.1875,0.8,0.4111328125,yes
0.25,0.3125,0.25,-7.90625,13.09853322248889,107.34375,0,0.48046875,no
0.4375,0.5333333333333333,0.07142857142857142,-5.25,13.254335870002643,109.09375,0.6,0.4287109375,yes
0.5,0.5882352941176471,0.3125,3.34375,13.072032137106625,106.5625,0.6,0.443359375,yes
0.5625,0.6875,0.2777777777777778,2.78125,13.42538369728608,109.96875,0.4,0.4404296875,yes
0.46875,0.5833333333333334,0.13333333333333333,-2.875,12.638267541542746,110.0625,0.6,0.4375,yes
0.6875,0.7333333333333333,0.5,9.65625,13.855497045833353,112.75,0.6,0.3955078125,yes
0.625,0.7058823529411765,0.15,2,13.261635183563733,112.75,0.8,0.4375,yes
0.34375,0.4166666666666667,0.18181818181818182,-4.25,11.714341912869578,108.0625,0.4,0.4580078125,no
0.5625,0.5555555555555556,0.1111111111111111,1.375,10.407038561132712,111.78125,0.4,0.4150390625,yes
0.21875,0.29411764705882354,0.42857142857142855,-5.09375,13.631934459084455,108.4375,0.2,0.4677734375,no
0.3125,0.3333333333333333,0,-0.53125,14.321164971085008,111.03125,0.4,0.4423828125,yes
0.3125,0.4117647058823529,0.3,-3.9375,12.853862228666852,107.5625,0.4,0.4658203125,no
0.46875,0.5555555555555556,0.26666666666666666,2.25,13.597912553272712,107.84375,0,0.4736328125,yes
0.375,0.5555555555555556,0.5,-0.5625,14.919001739500729,120.46875,0.4,0.4296875,yes
0.625,0.7222222222222222,0.25,6,12.471903908256117,112.03125,0.8,0.416015625,yes
0.5625,0.7058823529411765,0.1111111111111111,0.6875,10.489434007917282,117.4375,0.4,0.431640625,yes
0.25,0.42857142857142855,0,-7.71875,11.2772519387625,109.375,0,0.4482421875,no
0.5,0.7058823529411765,0.4375,3.0625,12.315574980356143,117.375,0.6,0.431640625,yes
0.375,0.6,0.25,-2.90625,11.767531533295195,115.125,0.4,0.431640625,no
0.5,0.5384615384615384,0.3125,4.46875,11.364870534153239,118.53125,0.8,0.4404296875,yes
0.375,0.42857142857142855,0.16666666666666666,-3.5,11.821249319926848,114.53125,0.2,0.427734375,no
0.34375,0.5384615384615384,0.45454545454545453,0.5,14.622121994187548,110.65625,0.4,0.443359375,yes
0.3333333333333333,0.35294117647058826,0.18181818181818182,-4.303030303030303,12.551107641571043,105.9090909090909,0.6,0.5032139577594124,yes
0.36363636363636365,0.5,0.3333333333333333,-4.666666666666667,15.061678746629363,105.51515151515152,0.2,0.5142332415059688,yes
0.6060606060606061,0.6666666666666666,0.4,4.515151515151516,14.467898111252227,113.93939393939394,0.8,0.4866850321395776,yes
0.3333333333333333,0.35,0.18181818181818182,-7.484848484848484,15.425468412906486,102.75757575757575,0,0.49586776859504134,no
0.696969696969697,0.7058823529411765,0.5652173913043478,8.696969696969697,16.485760614248377,111.63636363636364,0.6,0.480257116620753,yes
0.30303030303030304,0.4117647058823529,0.3,-5.212121212121212,14.269192285649826,104.63636363636364,0,0.494949494949495,no
0.3333333333333333,0.35294117647058826,0.09090909090909091,-6.7272727272727275,12.412878209929616,101.81818181818181,0.2,0.4793388429752066,no
0.36363636363636365,0.42857142857142855,0.08333333333333333,-6.757575757575758,13.76823859247776,106.81818181818181,0.2,0.4866850321395776,no
0.5151515151515151,0.6,0.47058823529411764,-1.2424242424242424,16.49437461498295,103.72727272727273,0.2,0.5169880624426079,yes
0.30303030303030304,0.2857142857142857,0.2,-5.9393939393939394,11.499835308438644,104.87878787878788,0.8,0.5362718089990818,no
0.8787878787878788,0.8235294117647058,0.5517241379310345,13.666666666666666,10.197017537822845,120.81818181818181,1,0.4692378328741965,yes
0.8787878787878788,0.9411764705882353,0.5172413793103449,14.06060606060606,13.390620303825067,114.87878787878788,1,0.4426078971533517,yes
0.6060606060606061,0.5789473684210527,0.65,5.96969696969697,15.629469057850399,107.33333333333333,0.8,0.46831955922865015,yes
0.42424242424242425,0.46153846153846156,0.14285714285714285,-4.454545454545454,15.79574885271926,110.48484848484848,0.2,0.4866850321395776,no
0.5454545454545454,0.6666666666666666,0.6111111111111112,6.151515151515151,16.029506410291482,116.78787878787878,0.6,0.472910927456382,no
0.24242424242424243,0.3125,0,-11.303030303030303,13.184946076124204,106.9090909090909,0.4,0.527089072543618,no
0.6060606060606061,0.7142857142857143,0.35,3.3333333333333335,14.367208033110213,106.63636363636364,0.4,0.5105601469237833,no
0.5454545454545454,0.7333333333333333,0.1111111111111111,-0.36363636363636365,10.064846564336506,109.6969696969697,0.6,0.5160697887970616,yes
0.5757575757575758,0.7222222222222222,0.3157894736842105,3.3333333333333335,14.838014242703323,103.78787878787878,0.8,0.5105601469237833,yes
0.8484848484848485,0.875,0.35714285714285715,10.090909090909092,10.598831410713506,112.24242424242425,0.6,0.472910927456382,yes
0.2727272727272727,0.3157894736842105,0.1111111111111111,-9.93939393939394,14.354745282352178,99.42424242424242,0.4,0.5179063360881543,no
0.6363636363636364,0.6875,0.38095238095238093,4.484848484848484,12.40494158622183,102.60606060606061,0.4,0.4866850321395776,yes
0.2727272727272727,0.35294117647058826,0.2222222222222222,-5.7272727272727275,14.470385117699717,99.0909090909091,0,0.527089072543618,no
0.45454545454545453,0.6875,0.13333333333333333,-1.0606060606060606,12.442214920230727,111.42424242424242,0.4,0.5252525252525253,no
0.6363636363636364,0.7333333333333333,0.38095238095238093,3.878787878787879,15.856303115318164,108.27272727272727,0.6,0.5059687786960514,yes
0.45454545454545453,0.5625,0.06666666666666667,-1.5454545454545454,11.84559757117309,108.51515151515152,0.8,0.4921946740128558,no
0.5454545454545454,0.631578947368421,0.16666666666666666,-1.8181818181818181,14.431853972754475,107.48484848484848,0.6,0.4756657483930211,no
0.8181818181818182,0.7647058823529411,0.4074074074074074,10.575757575757576,16.005917466343313,114.84848484848484,0.6,0.465564738292011,yes
0.7272727272727273,0.7647058823529411,0.5416666666666666,10.515151515151516,14.631133782368876,106,1,0.4719926538108356,yes
0.7575757575757576,0.9473684210526315,0.6,10.969696969696969,16.806778484596713,106.81818181818181,0.6,0.45821854912764004,yes
0.09090909090909091,0.0625,0,-13.484848484848484,11.979464752549495,103.0909090909091,0,0.5426997245179064,no
0.45454545454545453,0.6875,0.2,-0.12121212121212122,11.569781695643549,109.51515151515152,0.6,0.5298438934802571,no
0.24242424242424243,0.25,0,-8,11.308182877898641,104.42424242424242,0.4,0.5537190082644629,no
0.30303030303030304,0.4375,0.1,-5.242424242424242,11.144029519854744,100.54545454545455,0.4,0.4995408631772268,no
0.48484848484848486,0.5,0.4375,0.36363636363636365,15.876118428748143,112.66666666666667,0.6,0.48117539026629935,no
0.7575757575757576,0.8235294117647058,0.32,6.393939393939394,11.420757948630735,113.18181818181819,1,0.46831955922865015,yes
0.42424242424242425,0.5625,0.07142857142857142,-2.272727272727273,11.70008741226088,110.60606060606061,0.8,0.509641873278237,yes
0.5757575757575758,0.5714285714285714,0.2631578947368421,1.696969696969697,15.944209075093786,101.66666666666667,0.8,0.4775022956841139,yes
0.7272727272727273,0.7777777777777778,0.25,4.0606060606060606,10.550294409219685,105.15151515151516,0.8,0.4637281910009183,yes
0.3333333333333333,0.3684210526315789,0.09090909090909091,-5.242424242424242,10.332080813630618,99.78787878787878,0.2,0.5041322314049587,no
0.6060606060606061,0.5833333333333334,0.35,5.363636363636363,9.848280883668801,106.39393939393939,0.6,0.4591368227731864,yes
0.5151515151515151,0.5294117647058824,0.29411764705882354,1.4242424242424243,13.360460094599809,108.24242424242425,0.2,0.5004591368227732,no
0.3333333333333333,0.23529411764705882,0.45454545454545453,-0.5454545454545454,10.86304201493218,105.48484848484848,0,0.49586776859504134,no
0.2727272727272727,0.2777777777777778,0.1111111111111111,-6.909090909090909,11.378059029233732,101,0.4,0.5142332415059688,no
0.5454545454545454,0.6,0.3888888888888889,0.15151515151515152,15.282999566759653,108.06060606060606,0.2,0.4775022956841139,yes
0.8181818181818182,0.8888888888888888,0.5555555555555556,12.848484848484848,13.26442896462474,108.78787878787878,0.6,0.4573002754820937,yes
0.5757575757575758,0.6842105263157895,0.2631578947368421,0.8484848484848485,13.221954309313572,100.39393939393939,0.8,0.4866850321395776,yes
0.3333333333333333,0.3333333333333333,0.09090909090909091,-5.878787878787879,11.588673284067012,99.54545454545455,0.4,0.49586776859504134,no
0.36363636363636365,0.5714285714285714,0.25,-4.666666666666667,13.403979508588733,107.06060606060606,0.4,0.5105601469237833,no
0.42424242424242425,0.6470588235294118,0.35714285714285715,-2.3333333333333335,16.58626439758714,108.12121212121212,0.6,0.5114784205693297,no
0.30303030303030304,0.4375,0.3,-5.303030303030303,14.312330454202874,107.33333333333333,0.2,0.512396694214876,no
0.42424242424242425,0.4375,0.21428571428571427,-0.696969696969697,12.35537547103701,103.3030303030303,0.2,0.519742883379247,no
0.6060606060606061,0.4117647058823529,0.4,3.9393939393939394,11.263712182101074,107.15151515151516,0.8,0.49770431588613406,yes
0.6666666666666666,0.7647058823529411,0.2727272727272727,4.242424242424242,11.297207351349888,109.39393939393939,0.4,0.49770431588613406,yes
0.5151515151515151,0.5714285714285714,0.23529411764705882,0.8484848484848485,11.94550441620511,93.0909090909091,0.4,0.47842056932966026,yes
0.5757575757575758,0.75,0.3157894736842105,1.878787878787879,13.891898663784174,100.18181818181819,0.6,0.494949494949495,no
0.48484848484848486,0.5714285714285714,0.1875,0.5454545454545454,11.89298876726039,100.24242424242425,0.4,0.494949494949495,yes
0.6666666666666666,0.8,0.36363636363636365,4.303030303030303,14.358109312521027,108.21212121212122,0.8,0.47474747474747475,yes
0.5454545454545454,0.7647058823529411,0.4444444444444444,4.181818181818182,15.003029997000908,104.96969696969697,1,0.49954086317722685,yes
0.48484848484848486,0.5333333333333333,0.25,-2.9393939393939394,14.649956045026624,99.87878787878788,0.4,0.5105601469237833,yes
0.42424242424242425,0.55,0.2857142857142857,-1.606060606060606,11.637599070307076,102.78787878787878,0.4,0.5032139577594124,no
0.42424242424242425,0.5,0.2857142857142857,-0.7878787878787878,11.357149663751398,98.0909090909091,0.8,0.5169880624426079,no
0.09090909090909091,0.23076923076923078,0,-12.969696969696969,9.241498960141858,95.06060606060606,0,0.5390266299357208,no
0.5757575757575758,0.6,0.05263157894736842,0.12121212121212122,10.46648692183048,98.48484848484848,0.4,0.5050505050505051,yes
0.3939393939393939,0.5294117647058824,0.15384615384615385,-3.1515151515151514,12.349395764877558,100.36363636363636,0.4,0.519742883379247,no
0.45454545454545453,0.6111111111111112,0.06666666666666667,-0.6060606060606061,8.891496618748281,102.18181818181819,0.4,0.48943985307621674,no
0.45454545454545453,0.631578947368421,0.2,-1.0909090909090908,13.19650435807632,104.75757575757575,0.6,0.5050505050505051,no
0.48484848484848486,0.6,0.125,-2.1818181818181817,13.78734597705117,102.06060606060606,0.4,0.480257116620753,yes
0.7272727272727273,0.8235294117647058,0.4166666666666667,6.393939393939394,14.284912044573888,103.48484848484848,0.6,0.472910927456382,yes
0.5454545454545454,0.6666666666666666,0.2222222222222222,1.6666666666666667,9.309493362512628,101.78787878787878,0.6,0.49127640036730946,no
0.696969696969697,0.75,0.21739130434782608,4.333333333333333,12.006942436218583,108.72727272727273,0.6,0.49403122130394855,yes
0.5454545454545454,0.7058823529411765,0.2777777777777778,1.696969696969697,14.112239476082562,105.75757575757575,0.6,0.5188246097337006,yes
0.24242424242424243,0.3333333333333333,0.125,-5.878787878787879,11.047504174466217,92.66666666666667,0.2,0.5142332415059687,no
0.5454545454545454,0.5333333333333333,0.3333333333333333,1.4848484848484849,12.920722725822102,102.12121212121212,0.8,0.480257116620753,yes
0.45454545454545453,0.5882352941176471,0.2,-0.42424242424242425,10.21955938088301,106.3030303030303,0.6,0.4967860422405877,yes
0.7575757575757576,0.9333333333333333,0.28,8.848484848484848,13.421347762336529,108.27272727272727,0.6,0.4756657483930211,yes
0.48484848484848486,0.7142857142857143,0.0625,-1.9090909090909092,10.935503064456032,102.9090909090909,0.4,0.4903581267217631,no
0.30303030303030304,0.5333333333333333,0.2,-5.666666666666667,11.469161550290703,100.9090909090909,0,0.5142332415059687,no
0.6060606060606061,0.8888888888888888,0.2,1.9090909090909092,12.011358260943151,108.84848484848484,0.4,0.4628099173553719,no
0.45454545454545453,0.5625,0.3333333333333333,-1.9393939393939394,14.212537145816441,97.96969696969697,0.6,0.4986225895316804,yes
0.42424242424242425,0.5625,0.2857142857142857,-0.9393939393939394,12.033649160633367,102.0909090909091,0.6,0.5215794306703397,no
0.3939393939393939,0.6111111111111112,0.07692307692307693,-2.909090909090909,10.759773569770289,102.93939393939394,0.8,0.5325987144168962,no
0.6666666666666666,0.8235294117647058,0.22727272727272727,2.1515151515151514,13.391044610394506,105.93939393939394,0.6,0.4793388429752066,yes
0.48484848484848486,0.5882352941176471,0.375,1.3636363636363635,11.965623108038978,103.93939393939394,0.2,0.49127640036730946,yes
0.36363636363636365,0.5,0.4166666666666667,-2.121212121212121,12.038369843332132,100.21212121212122,0.4,0.5160697887970616,no
0.48484848484848486,0.6470588235294118,0.0625,-2.5454545454545454,11.402003412478958,101.93939393939394,0.4,0.48393021120293844,yes
0.5454545454545454,0.7058823529411765,0.2777777777777778,0.030303030303030304,13.730633744671184,100.12121212121212,0.6,0.5050505050505051,yes
0.36363636363636365,0.4117647058823529,0.08333333333333333,-6.7272727272727275,12.862913567871995,103.03030303030303,0.2,0.5032139577594124,no
0.5151515151515151,0.7142857142857143,0.058823529411764705,-1.0303030303030303,10.774637025454872,107.6969696969697,0.2,0.48852157943067037,yes
0.42424242424242425,0.6666666666666666,0.21428571428571427,-2.3636363636363638,13.591859194519209,107.84848484848484,0.6,0.5261707988980716,no
0.36363636363636365,0.625,0,-4.0606060606060606,10.185588452377807,94.81818181818181,0.2,0.5133149678604224,yes
0.6060606060606061,0.8125,0.15,2.121212121212121,10.25230942202041,101.96969696969697,0.4,0.4820936639118457,yes
0.696969696969697,0.9444444444444444,0.30434782608695654,6.2727272727272725,14.224259047646225,111.78787878787878,0.8,0.46831955922865015,yes
0.5757575757575758,0.7857142857142857,0.21052631578947367,0.48484848484848486,14.173305040024212,109.42424242424242,0.6,0.4756657483930211,yes
0.5454545454545454,0.7222222222222222,0.3333333333333333,2.9393939393939394,14.16849364333457,112.54545454545455,0.6,0.4986225895316804,yes
0.6060606060606061,0.8333333333333334,0.2,0.30303030303030304,13.277059276447591,106.57575757575758,0.4,0.4701561065197429,yes
0.45454545454545453,0.75,0.2,-0.7575757575757576,12.293367884326651,107.24242424242425,0.2,0.5105601469237833,no
0.42424242424242425,0.6666666666666666,0.21428571428571427,-1.6666666666666667,13.389983818760449,104.12121212121212,0.4,0.5280073461891643,no
0.6060606060606061,0.8888888888888888,0.3,4.787878787878788,10.885074574151915,107.78787878787878,0.8,0.48484848484848486,yes
0.21212121212121213,0.4,0.42857142857142855,-5.878787878787879,13.045012398800106,105.18181818181819,0.6,0.5280073461891643,no
0.5151515151515151,0.6363636363636364,0.35294117647058826,0.21212121212121213,14.523165924991991,107.93939393939394,0.4,0.49586776859504134,no
0.5454545454545454,0.6842105263157895,0.16666666666666666,0.15151515151515152,13.400375955829588,107.81818181818181,0.8,0.5169880624426079,no
0.36363636363636365,0.3333333333333333,0.16666666666666666,-3.1515151515151514,12.293598974977822,98.21212121212122,0.2,0.5041322314049587,no
0.5757575757575758,0.7142857142857143,0.3684210526315789,3.5454545454545454,15.188587222588604,108.93939393939394,0.4,0.4986225895316804,yes
0.42424242424242425,0.7142857142857143,0.2857142857142857,-0.8484848484848485,11.87992322187209,102.51515151515152,0.2,0.4903581267217631,no
0.696969696969697,0.9473684210526315,0.43478260869565216,8.363636363636363,13.840200011691897,110.0909090909091,0.6,0.46831955922865015,yes
0.5151515151515151,0.8666666666666667,0.29411764705882354,0.030303030303030304,12.2996058079234,113.18181818181819,0.6,0.4765840220385675,yes
0.45454545454545453,0.8125,0.06666666666666667,-2.5757575757575757,13.045665714688306,104.39393939393939,0,0.48852157943067037,no
0.48484848484848486,0.7333333333333333,0.125,-1.696969696969697,12.790340223399182,102.96969696969697,0.8,0.5179063360881543,yes
0.48484848484848486,0.6428571428571429,0.25,-2.484848484848485,14.296243414183174,104.18181818181819,0.2,0.5050505050505051,yes
0.3333333333333333,0.6,0.09090909090909091,-4.454545454545454,12.565057971142902,106.6969696969697,0.2,0.5041322314049587,no
0.3939393939393939,0.5625,0.07692307692307693,-2.696969696969697,9.754757968822345,103.39393939393939,0,0.509641873278237,no
0.5757575757575758,0.8125,0.21052631578947367,2.5757575757575757,9.807619177934772,104.81818181818181,0.4,0.5078053259871441,no
0.5454545454545454,0.6470588235294118,0.2777777777777778,-0.3333333333333333,13.609892235674266,102.21212121212122,0.4,0.49770431588613406,yes
0.6060606060606061,0.9375,0.3,1.606060606060606,14.65208900195505,112.42424242424242,0.4,0.4866850321395776,yes
0.45454545454545453,0.5263157894736842,0.6,-1.121212121212121,14.724039815378404,106.15151515151516,0.8,0.5133149678604224,no
0.45454545454545453,0.8,0.2,-0.5454545454545454,13.59708357767142,106.24242424242425,0.4,0.4885215794306703,no
0.3939393939393939,0.625,0.15384615384615385,-1.9696969696969697,13.305273504528309,104.42424242424242,0.6,0.5105601469237833,no
0.45454545454545453,0.625,0.13333333333333333,0.42424242424242425,9.324129661228115,111.12121212121212,0.6,0.5114784205693297,no
0.3939393939393939,0.5882352941176471,0.3076923076923077,-1.3636363636363635,11.058984418274418,108.03030303030303,0.4,0.4949494949494949,no
0.45454545454545453,0.5555555555555556,0.3333333333333333,0.24242424242424243,14.779695326338562,106.57575757575758,0.8,0.5032139577594122,yes
0.5454545454545454,0.6470588235294118,0.2777777777777778,0.5757575757575758,12.617027936062991,112,0.8,0.49770431588613406,yes
0.24242424242424243,0.4,0,-7.696969696969697,10.372695070727907,105.6969696969697,0.6,0.5032139577594122,no
0.42424242424242425,0.625,0.2857142857142857,-2.6363636363636362,13.550410929696426,107.60606060606061,0.4,0.5041322314049587,no
0.5454545454545454,0.7222222222222222,0.16666666666666666,0.36363636363636365,10.409785606036099,111.78787878787878,0.6,0.4967860422405877,yes
0.6666666666666666,0.8333333333333334,0.22727272727272727,4.818181818181818,10.45960845782045,114.54545454545455,0.8,0.5041322314049587,yes
0.6363636363636364,0.8125,0.38095238095238093,4.0606060606060606,12.688428276237058,110.96969696969697,0.6,0.5041322314049587,yes
0.8484848484848485,1,0.32142857142857145,9.727272727272727,13.205758041647798,110.78787878787878,0.8,0.4894398530762167,yes
0.5454545454545454,0.7333333333333333,0.2777777777777778,0.24242424242424243,12.270468366749247,114.45454545454545,0.4,0.49586776859504134,yes
0.45454545454545453,0.5625,0.26666666666666666,-0.45454545454545453,14.916624343938604,101.33333333333333,0.8,0.5133149678604224,yes
0.6060606060606061,0.8125,0.25,2.242424242424242,11.000086087817401,109.39393939393939,0.6,0.49586776859504134,yes
0.5151515151515151,0.8,0.35294117647058826,1.9696969696969697,13.305273504528309,110.12121212121212,0.4,0.47750229568411384,yes
0.3939393939393939,0.47058823529411764,0.23076923076923078,-2.727272727272727,10.975178606954215,107.87878787878788,0.6,0.49127640036730946,no
0.3939393939393939,0.5,0,-3.909090909090909,11.912083246549583,101.9090909090909,0.4,0.5059687786960514,no
0.36363636363636365,0.47058823529411764,0.16666666666666666,-2.757575757575758,11.305502816743443,104.63636363636364,0.4,0.4967860422405877,no
0.5151515151515151,0.6875,0.11764705882352941,0.5757575757575758,9.890115971989102,111.75757575757575,0.4,0.5151515151515151,yes
0.3333333333333333,0.4375,0.09090909090909091,-6,14.577379737113251,109.96969696969697,0.2,0.5041322314049587,no
0.5151515151515151,0.6,0.17647058823529413,0.7575757575757576,10.350212265426924,106.96969696969697,0.4,0.512396694214876,no
0.5454545454545454,0.6875,0.16666666666666666,1,13.54160256395084,110.9090909090909,0.6,0.5013774104683195,yes
0.3333333333333333,0.5294117647058824,0.09090909090909091,-3.8181818181818183,11.043817686421173,108.42424242424242,0.2,0.4903581267217631,no
0.6060606060606061,0.7058823529411765,0.25,3.3636363636363638,11.57534605805098,111.33333333333333,0.4,0.4866850321395776,yes
0.6060606060606061,0.8235294117647058,0.3,4.909090909090909,10.97258981611576,114.45454545454545,0.2,0.4931129476584022,yes
0.36363636363636365,0.6,0.25,-3.8484848484848486,13.423675940575135,109.6969696969697,0.2,0.5105601469237833,no
0.5151515151515151,0.5882352941176471,0.17647058823529413,-5.03030303030303,17.167347000346414,108.6969696969697,0.2,0.5224977043158862,yes
0.3333333333333333,0.5882352941176471,0.09090909090909091,-4.878787878787879,12.05134218603258,108.6969696969697,0.2,0.5179063360881543,no
0.48484848484848486,0.6470588235294118,0.25,-0.7272727272727273,14.36417576662669,107.27272727272727,0.6,0.47474747474747475,no
0.696969696969697,0.8235294117647058,0.21739130434782608,4.151515151515151,9.364564899533548,112.18181818181819,0.8,0.5013774104683195,yes
0.6060606060606061,0.7333333333333333,0.3,4.333333333333333,11.145813862911343,117,0.2,0.4793388429752066,yes
0.5454545454545454,0.8333333333333334,0.2777777777777778,-0.21212121212121213,14.800248257541105,107.66666666666667,0.8,0.48760330578512395,yes
0.5757575757575758,0.6666666666666666,0.47368421052631576,6.7272727272727275,16.20237777162801,121.66666666666667,1,0.49403122130394855,yes
0.42424242424242425,0.5625,0.07142857142857142,-5.333333333333333,11.354147553500733,110.48484848484848,0.6,0.4921946740128558,no
0.6363636363636364,0.75,0.2857142857142857,3.757575757575758,12.152752525226289,106.0909090909091,0.2,0.4839302112029385,yes
0.696969696969697,0.7647058823529411,0.43478260869565216,6.515151515151516,16.200156658426973,116.78787878787878,0.8,0.5004591368227732,yes
0.6060606060606061,0.7333333333333333,0.25,4.2727272727272725,12.750668431676257,106.42424242424242,0.8,0.4885215794306703,yes
0.7878787878787878,0.9375,0.34615384615384615,7.363636363636363,13.308404726474032,111.42424242424242,1,0.47842056932966026,yes
0.3333333333333333,0.4,0.09090909090909091,-3.757575757575758,10.47028623961131,104.36363636363636,0.6,0.5243342516069789,no
0.45454545454545453,0.7647058823529411,0.4,0.12121212121212122,13.09522235339471,115.63636363636364,0.6,0.512396694214876,no
0.3333333333333333,0.5,0.45454545454545453,-4.545454545454546,16.02554778527654,106.72727272727273,0.2,0.4995408631772268,no
0.2727272727272727,0.4666666666666667,0.2222222222222222,-4.484848484848484,10.642254261084714,109.45454545454545,0.2,0.5252525252525253,no
0.3333333333333333,0.3888888888888889,0.2727272727272727,-3.9696969696969697,13.73745984635817,103.18181818181819,0,0.4866850321395776,no
0.45454545454545453,0.7333333333333333,0.13333333333333333,-0.21212121212121213,10.787022225102184,112.93939393939394,0,0.5151515151515151,yes
0.45454545454545453,0.7333333333333333,0.13333333333333333,-2.6666666666666665,12.643344757882174,108.81818181818181,0.6,0.5169880624426079,no
0.5757575757575758,0.7647058823529411,0.47368421052631576,4.545454545454546,13.19349013029463,108.42424242424242,1,0.4986225895316804,yes
0.696969696969697,0.8333333333333334,0.21739130434782608,4.212121212121212,12.73714443997745,115.12121212121212,0.8,0.46189164370982555,yes
0.5757575757575758,0.6,0.2631578947368421,1.5454545454545454,14.885166502870629,108.60606060606061,0,0.49770431588613406,yes
0.3939393939393939,0.5555555555555556,0.3076923076923077,-2.090909090909091,14.153982735354996,103.06060606060606,0.4,0.5362718089990818,no
0.45454545454545453,0.6111111111111112,0.2,-1.393939393939394,10.48194696233539,114.93939393939394,0.2,0.5041322314049587,no
0.696969696969697,0.8333333333333334,0.2608695652173913,5.181818181818182,11.298380817219302,108.96969696969697,0.4,0.49403122130394855,yes
0.6060606060606061,0.8125,0.25,2.606060606060606,14.241092378087158,107.36363636363636,0.6,0.4885215794306703,yes
0.5151515151515151,0.6875,0.4117647058823529,1.2424242424242424,11.527224034406286,98.33333333333333,0.2,0.47474747474747475,yes
0.5151515151515151,0.7142857142857143,0.11764705882352941,-1.4848484848484849,11.890440519912445,119.66666666666667,0.4,0.5032139577594124,yes
0.45454545454545453,0.5789473684210527,0.2,-2.909090909090909,14.080934886318,106.63636363636364,0.8,0.512396694214876,no
0.696969696969697,0.8333333333333334,0.17391304347826086,4.0606060606060606,10.355974706478001,107.06060606060606,0.8,0.4628099173553719,yes
0.2727272727272727,0.4375,0.2222222222222222,-7.0606060606060606,12.188466356404817,101.24242424242425,0.4,0.509641873278237,no
0.45454545454545453,0.5263157894736842,0,-3.606060606060606,11.564869740780141,105.39393939393939,0.4,0.4931129476584022,yes
0.45454545454545453,0.6666666666666666,0.13333333333333333,-1.3333333333333333,11.786291472158096,105.6969696969697,1,0.5454545454545454,no
0.7575757575757576,0.8333333333333334,0.36,7.636363636363637,10.295078259228356,109.24242424242425,1,0.46189164370982555,yes
0.3939393939393939,0.4666666666666667,0.3076923076923077,-1.7272727272727273,13.321206606555783,107.03030303030303,0.4,0.5720844811753902,yes
0.30303030303030304,0.5,0.3,-5.363636363636363,13.32717660885592,101.75757575757575,0.2,0.5169880624426079,no
0.12121212121212122,0.1875,0,-10.696969696969697,9.935683319747215,98,0.2,0.5022956841138659,no
0.3333333333333333,0.4,0.09090909090909091,-2.9393939393939394,11.597250196542804,116.72727272727273,0.2,0.4573002754820937,no
0.2727272727272727,0.3333333333333333,0.1111111111111111,-5.818181818181818,12.230736244842708,98.12121212121212,0.2,0.5188246097337006,no
0.48484848484848486,0.7058823529411765,0.1875,-1.4242424242424243,12.088295741724469,108.60606060606061,0,0.5325987144168962,no
0.42424242424242425,0.5,0.14285714285714285,-0.8484848484848485,9.734350299715732,110.78787878787878,0.2,0.4765840220385675,yes
0.5757575757575758,0.7058823529411765,0.2631578947368421,1.9090909090909092,12.294215195478209,108.24242424242425,0.6,0.5316804407713499,yes
0.42424242424242425,0.6666666666666666,0.14285714285714285,-2.121212121212121,10.775427995437049,106.6969696969697,0.6,0.49770431588613406,yes
0.696969696969697,0.7058823529411765,0.2608695652173913,6.303030303030303,12.413412223490488,112.75757575757575,1,0.44995408631772266,yes
0.7272727272727273,0.75,0.375,6.151515151515151,12.229884535741773,109.96969696969697,0.4,0.5243342516069789,yes
0.3333333333333333,0.375,0.2727272727272727,-5.242424242424242,12.629405921871145,104.81818181818181,0,0.5335169880624426,no
0.6666666666666666,0.8235294117647058,0.22727272727272727,1.9696969696969697,11.579844689386082,109.51515151515152,0.8,0.5179063360881543,yes
0.8787878787878788,0.8823529411764706,0.3103448275862069,9.393939393939394,10.796236016372193,110.96969696969697,1,0.46648301193755737,yes
0.7575757575757576,0.8666666666666667,0.4,5.696969696969697,13.470998590687442,108.87878787878788,0.4,0.4527089072543618,yes
0.42424242424242425,0.6470588235294118,0.21428571428571427,-1,10.27436129401726,107.03030303030303,1,0.4839302112029385,yes
0.6363636363636364,0.75,0.42857142857142855,4.636363636363637,13.147761648418957,112.75757575757575,0.6,0.46831955922865015,yes
0.3939393939393939,0.5,0.23076923076923078,-3.212121212121212,12.783675077412148,103.03030303030303,0.4,0.47474747474747475,no
0.48484848484848486,0.5555555555555556,0.25,0.3939393939393939,12.766996989159672,105.84848484848484,0.4,0.44168962350780533,no
0.42424242424242425,0.5294117647058824,0.14285714285714285,-5.181818181818182,13.558794529415552,103.63636363636364,0,0.4857667584940312,no
0.42424242424242425,0.6470588235294118,0.35714285714285715,0.15151515151515152,13.477113034978068,102.84848484848484,0.2,0.5151515151515151,no
0.7272727272727273,0.875,0.5416666666666666,7.878787878787879,13.280054536215147,111.54545454545455,0.6,0.4738292011019284,yes
0.696969696969697,0.875,0.2608695652173913,5.303030303030303,11.980413307991633,109.93939393939394,0.8,0.5013774104683195,yes
0.5454545454545454,0.75,0.05555555555555555,-0.06060606060606061,9.701608738823275,103.06060606060606,0.8,0.5087235996326905,yes
0.42424242424242425,0.5882352941176471,0,-4.666666666666667,10.55244837308701,103.36363636363636,0.2,0.5215794306703397,no
0.6666666666666666,0.8235294117647058,0.45454545454545453,7,13.865424623862047,117.63636363636364,0.6,0.46097337006427913,yes
0.3939393939393939,0.6666666666666666,0.23076923076923078,-2.4545454545454546,14.137916459584199,115.60606060606061,0.2,0.5022956841138659,yes
0.696969696969697,0.8,0.34782608695652173,4.9393939393939394,11.376893781749574,110.45454545454545,1,0.5078053259871441,yes
0.5454545454545454,0.625,0.1111111111111111,-2.0606060606060606,12.742496306501804,109.48484848484848,0.4,0.5013774104683195,yes
0.45454545454545453,0.5555555555555556,0.3333333333333333,-1.0606060606060606,17.369044651943646,105.12121212121212,0.8,0.48393021120293844,yes
0.5151515151515151,0.8,0.23529411764705882,0.12121212121212122,13.851348255128398,106.27272727272727,0.8,0.49127640036730946,yes
0.12121212121212122,0.17647058823529413,0,-9.818181818181818,10.910014165477014,102.72727272727273,0,0.5114784205693297,no
0.7878787878787878,0.9411764705882353,0.5384615384615384,12,15.608491278787966,119.45454545454545,0.8,0.4903581267217631,yes
0.6666666666666666,0.8823529411764706,0.36363636363636365,5.9393939393939394,12.825607670641268,108.12121212121212,0.6,0.5335169880624426,yes
0.30303030303030304,0.5,0.4,-3.484848484848485,13.98463713356824,106.21212121212122,0.4,0.5234159779614325,no
0.30303030303030304,0.5,0.1,-4.848484848484849,12.988266849644557,99.6969696969697,0.6,0.5335169880624426,no
0.5757575757575758,0.6666666666666666,0.10526315789473684,-0.5454545454545454,12.140044555856532,107.36363636363636,0.8,0.5188246097337006,yes
0.42424242424242425,0.6428571428571429,0.21428571428571427,-3.787878787878788,14.707050978522123,110.60606060606061,0.2,0.4866850321395776,no
0.6060606060606061,0.8235294117647058,0.4,3.9393939393939394,15.153257475579702,117.15151515151516,0.6,0.47474747474747475,yes
0.2727272727272727,0.3333333333333333,0.1111111111111111,-4.0606060606060606,9.05172426232771,107.96969696969697,0.2,0.5215794306703397,no
0.24242424242424243,0.42857142857142855,0.125,-6.9393939393939394,12.494847422886448,103.21212121212122,0.2,0.5307621671258035,no
0.5454545454545454,0.55,0.2222222222222222,0.9393939393939394,17.562280948704018,113.72727272727273,0.6,0.4857667584940312,yes
0.6363636363636364,0.8823529411764706,0.2857142857142857,1.4545454545454546,13.865629513952182,107.63636363636364,0.4,0.4866850321395776,yes
0.48484848484848486,0.625,0.25,-1.4242424242424243,13.3581208985169,104.6969696969697,0.4,0.5316804407713499,yes
0.7575757575757576,0.9375,0.28,7.212121212121212,12.972946792646939,105.93939393939394,0.8,0.46464646464646464,yes
0.696969696969697,0.8,0.30434782608695654,5.090909090909091,15.58517652363063,113,0.8,0.4738292011019284,yes
0.5757575757575758,0.6470588235294118,0.21052631578947367,1.6666666666666667,10.55244837308701,102.15151515151516,0.6,0.512396694214876,yes
0.48484848484848486,0.6666666666666666,0.25,0.3939393939393939,11.233152367933595,105.9090909090909,0.6,0.5068870523415978,yes
0.6666666666666666,0.8571428571428571,0.18181818181818182,2.757575757575758,12.295909642616683,106.63636363636364,0.8,0.4820936639118457,yes
0.5757575757575758,0.8461538461538461,0.42105263157894735,3.696969696969697,15.183224395045443,116.3030303030303,0.4,0.46464646464646464,yes
0.6666666666666666,0.7647058823529411,0.3181818181818182,4.636363636363637,15.523808693862353,113.06060606060606,0.6,0.5169880624426079,yes
0.18181818181818182,0.375,0.16666666666666666,-10.393939393939394,13.926008477708612,105.66666666666667,0.2,0.5445362718089991,no
0.5757575757575758,0.7857142857142857,0.10526315789473684,0.5151515151515151,10.857374257046487,104.75757575757575,0.6,0.49586776859504134,yes
0.5151515151515151,0.6470588235294118,0.35294117647058826,0.9393939393939394,13.40461532910259,105.96969696969697,0.6,0.5390266299357208,no
0.2727272727272727,0.4375,0.2222222222222222,-9.848484848484848,15.068844539564928,97.36363636363636,0.2,0.5004591368227732,no
0.7878787878787878,0.8823529411764706,0.3076923076923077,7.090909090909091,10.739423973040978,112.48484848484848,0.8,0.4563820018365473,yes
0.5757575757575758,0.7,0.3684210526315789,2.909090909090909,11.538965606705277,106.03030303030303,0.6,0.5032139577594124,yes
0.21212121212121213,0.3684210526315789,0.14285714285714285,-10.545454545454545,13.271423503836422,99.21212121212122,0.4,0.5169880624426079,no
0.3333333333333333,0.5555555555555556,0.36363636363636365,-2.0606060606060606,13.311037229352644,103.36363636363636,0.2,0.512396694214876,yes
0.5151515151515151,0.75,0.17647058823529413,0.7575757575757576,13.865492920895164,106.78787878787878,0.8,0.5105601469237833,no
0.3939393939393939,0.5294117647058824,0.15384615384615385,-3.121212121212121,12.461835678777364,107.6969696969697,0.4,0.4830119375573921,no
0.6060606060606061,0.875,0.45,4.333333333333333,15.288203513384646,114.60606060606061,0.4,0.4701561065197429,yes
0.2727272727272727,0.42105263157894735,0.3333333333333333,-5.2727272727272725,13.444963572079526,109.0909090909091,0.4,0.5114784205693297,no
0.42424242424242425,0.6875,0.2857142857142857,-3.4545454545454546,15.392958838968609,115.93939393939394,0.2,0.5022956841138659,yes
0.5454545454545454,0.9285714285714286,0.3888888888888889,1.4545454545454546,12.646864505409308,110.24242424242425,0.6,0.5068870523415978,yes
0.45454545454545453,0.7333333333333333,0.5333333333333333,2.121212121212121,15.36383248036923,105.12121212121212,0.2,0.4839302112029385,yes
0.36363636363636365,0.5,0.4166666666666667,-2.606060606060606,14.632881196852933,106.72727272727273,0.6,0.5243342516069789,yes
0.6363636363636364,0.8333333333333334,0.3333333333333333,3.787878787878788,11.558972639679034,110.63636363636364,0.4,0.5188246097337006,yes
0.48484848484848486,0.631578947368421,0.3125,1.4848484848484849,14.95225988797599,108.27272727272727,0.6,0.5142332415059687,yes
0.2727272727272727,0.4444444444444444,0.1111111111111111,-7.03030303030303,11.58793782475135,102.06060606060606,0.2,0.4967860422405877,no
0.5757575757575758,0.7333333333333333,0.2631578947368421,1.696969696969697,11.641748280662275,105.42424242424242,0.6,0.5050505050505051,yes
0.7878787878787878,0.8823529411764706,0.46153846153846156,9.515151515151516,13.64762161541621,110.24242424242425,0.6,0.5004591368227732,yes
0.5151515151515151,0.6111111111111112,0.29411764705882354,0.18181818181818182,14.994696031961071,105.75757575757575,0,0.5078053259871441,no
0.5757575757575758,0.8333333333333334,0.5789473684210527,4.9393939393939394,16.839201647382577,124.06060606060606,0.4,0.5004591368227732,yes
0.6666666666666666,0.8,0.18181818181818182,1.7878787878787878,12.376281690590615,104.03030303030303,0.4,0.5068870523415978,yes
0.5151515151515151,0.7058823529411765,0.11764705882352941,-0.9393939393939394,14.497714030881287,111.27272727272727,1,0.5087235996326905,yes
0.6363636363636364,0.7894736842105263,0.19047619047619047,1.7878787878787878,11.299218932512481,110.06060606060606,0.6,0.4573002754820937,yes
0.2727272727272727,0.47058823529411764,0.2222222222222222,-4.545454545454546,13.525649035006852,106.51515151515152,0.8,0.54178145087236,no
0.30303030303030304,0.6666666666666666,0.1,-10.181818181818182,15.985255990784417,105.81818181818181,0,0.5078053259871441,no
0.6666666666666666,1,0.3181818181818182,5.96969696969697,14.323243453572346,113.39393939393939,0.8,0.4857667584940312,yes
0.09090909090909091,0.13333333333333333,0.3333333333333333,-12.969696969696969,12.66512151660232,94.54545454545455,0,0.5142332415059688,no
0.6363636363636364,0.7368421052631579,0.23809523809523808,3.606060606060606,12.318531248538202,108.54545454545455,0.8,0.49127640036730946,yes
0.3939393939393939,0.3888888888888889,0.07692307692307693,-3.757575757575758,11.481044984642903,103.36363636363636,0.2,0.5068870523415978,no
0.6666666666666666,0.9333333333333333,0.3181818181818182,4.121212121212121,12.484384185247125,116.81818181818181,0.8,0.4931129476584022,yes
0.5454545454545454,0.7647058823529411,0.2777777777777778,2,12.384466076500836,112.6969696969697,0.6,0.5179063360881543,yes
0.6060606060606061,0.8235294117647058,0.4,3.9393939393939394,14.966503002412157,116.54545454545455,0.6,0.4931129476584022,yes
0.5757575757575758,0.9333333333333333,0.5263157894736842,2.8181818181818183,13.243995208807238,115.0909090909091,0.4,0.4765840220385675,yes
0.2727272727272727,0.5,0.3333333333333333,-8.181818181818182,16.071042563906957,102.72727272727273,0.4,0.4967860422405877,no
0.30303030303030304,0.47058823529411764,0.5,-4.666666666666667,14.488501187723548,107.78787878787878,0.4,0.5151515151515151,no
0.6060606060606061,0.8235294117647058,0.35,5.454545454545454,16.33648315330389,113.96969696969697,0.8,0.494949494949495,yes
0.5757575757575758,0.8666666666666667,0.5263157894736842,4.333333333333333,15.31067165955389,104.45454545454545,0.6,0.46740128558310373,yes
0.3333333333333333,0.5333333333333333,0.18181818181818182,-5.2727272727272725,12.93559219574216,107.18181818181819,0.4,0.527089072543618,no
0.5454545454545454,0.7058823529411765,0.16666666666666666,1.2727272727272727,12.288899277581596,109.0909090909091,0.2,0.4866850321395776,no
0.6060606060606061,0.7058823529411765,0.25,3.393939393939394,12.949274578956619,105.84848484848484,0.6,0.5004591368227732,yes
0.21212121212121213,0.3888888888888889,0.14285714285714285,-8.333333333333334,11.148617253573049,98.27272727272727,0,0.5215794306703397,no
0.6363636363636364,0.9285714285714286,0.14285714285714285,2.696969696969697,11.167712524519201,108.63636363636364,0.4,0.4830119375573921,yes
0.45454545454545453,0.5555555555555556,0.13333333333333333,-3.0303030303030303,13.184946076124204,100.12121212121212,0.8,0.4995408631772268,yes
0.5151515151515151,0.6470588235294118,0.23529411764705882,-0.30303030303030304,13.96979967752949,101.72727272727273,0.4,0.4903581267217631,yes
0.6060606060606061,0.8571428571428571,0.4,3.242424242424242,15.702369054999119,116.36363636363636,0.2,0.4839302112029385,yes
0.6666666666666666,0.8666666666666667,0.36363636363636365,5.03030303030303,14.358109312521027,102.36363636363636,1,0.49127640036730946,yes
0.48484848484848486,0.7368421052631579,0.375,-2.0606060606060606,16.165045998116184,115.06060606060606,1,0.5142332415059688,no
0.45454545454545453,0.8,0.3333333333333333,0.18181818181818182,15.395726975070358,103.96969696969697,0.6,0.48852157943067037,yes
0.5757575757575758,0.8571428571428571,0.21052631578947367,-0.9090909090909091,13.447498922577658,107.6969696969697,0,0.5022956841138659,yes
0.45454545454545453,0.625,0.3333333333333333,0.3939393939393939,14.238897854862648,103.27272727272727,0.8,0.5445362718089991,no
0.7575757575757576,0.9411764705882353,0.32,8,10.891510455395983,109.66666666666667,0.6,0.4628099173553719,yes
0.21212121212121213,0.21428571428571427,0,-11.545454545454545,13.989037916103516,97.87878787878788,0,0.5013774104683195,no
0.5757575757575758,0.75,0.15789473684210525,1.2121212121212122,11.949784453489046,106.33333333333333,0.8,0.4866850321395776,yes
0.21212121212121213,0.29411764705882354,0.2857142857142857,-5.848484848484849,9.653759669557543,94.81818181818181,0.2,0.5078053259871442,no
0.30303030303030304,0.375,0.3,-6.242424242424242,14.389732240017322,95.33333333333333,0.4,0.5142332415059688,no
0.696969696969697,0.9375,0.30434782608695654,4.666666666666667,11.14300976696452,111.81818181818181,0.6,0.4637281910009183,yes
0.30303030303030304,0.4375,0.1,-5.848484848484849,12.183803829575382,109.18181818181819,0.2,0.5399449035812672,no
0.5454545454545454,0.8571428571428571,0.2777777777777778,2.696969696969697,13.123178084225751,106.24242424242425,0.6,0.48301193755739213,yes
0.5757575757575758,0.7368421052631579,0.5789473684210527,6.121212121212121,13.303565254654426,112.96969696969697,1,0.5344352617079889,yes
0.696969696969697,0.8888888888888888,0.34782608695652173,5.212121212121212,14.694296461037135,111.57575757575758,1,0.4692378328741965,yes
0.24242424242424243,0.3684210526315789,0.125,-6.333333333333333,11.337621737677908,101.81818181818181,0.2,0.5555555555555556,no
0.696969696969697,0.9333333333333333,0.17391304347826086,3.909090909090909,10.001136299077583,104.93939393939394,0.4,0.47750229568411384,yes
0.5151515151515151,0.7894736842105263,0.35294117647058826,3.727272727272727,17.112263013831498,109.93939393939394,0.6,0.5169880624426079,no
0.6666666666666666,0.8333333333333334,0.22727272727272727,3.9393939393939394,14.295845974310584,107.18181818181819,0.6,0.5004591368227732,yes
0.3939393939393939,0.5882352941176471,0.23076923076923078,-1.3636363636363635,10.611957235290593,104.96969696969697,0.2,0.5381083562901745,no
0.5757575757575758,0.6666666666666666,0.3157894736842105,0.9393939393939394,13.617404749849074,109.48484848484848,0.8,0.5041322314049587,yes
0.8484848484848485,0.9473684210526315,0.42857142857142855,11.030303030303031,14.072324009569387,116.21212121212122,1,0.49586776859504134,yes
0.3333333333333333,0.42105263157894735,0.18181818181818182,-3.3636363636363638,13.896533249830203,105.42424242424242,0.4,0.5078053259871442,no
0.696969696969697,0.8333333333333334,0.5217391304347826,8.515151515151516,15.370672586376164,111.21212121212122,0.8,0.519742883379247,yes
0.3333333333333333,0.3888888888888889,0.2727272727272727,-5.0606060606060606,13.301643211318371,101.21212121212122,0,0.55188246097337,no
0.36363636363636365,0.4666666666666667,0.25,-2.8181818181818183,13.526489163523145,99.87878787878788,0.4,0.5188246097337006,no
0.18181818181818182,0.2857142857142857,0.16666666666666666,-12.666666666666666,14.490657910069737,124.06060606060606,0,0.5344352617079889,no
0.6666666666666666,0.9333333333333333,0.36363636363636365,5.181818181818182,13.403484960670083,101.06060606060606,1,0.49770431588613406,yes
0.5454545454545454,0.8,0.3888888888888889,0.5151515151515151,14.81578805725756,118.36363636363636,0.6,0.5105601469237833,yes
0.5757575757575758,0.7058823529411765,0.42105263157894735,3.3333333333333335,13.092618785661891,108,0.6,0.4921946740128558,yes
0.36363636363636365,0.6875,0.4166666666666667,-3.3333333333333335,13.9522996909709,107.33333333333333,0.4,0.5307621671258035,yes
0.3333333333333333,0.5625,0.2727272727272727,-5.696969696969697,15.665417422791613,100.63636363636364,0,0.4967860422405877,no
0.6666666666666666,0.7777777777777778,0.45454545454545453,5.787878787878788,13.898645562962187,106.36363636363636,0.8,0.5041322314049587,yes
0.2727272727272727,0.375,0.5555555555555556,-8.151515151515152,16.078170783941054,101.27272727272727,0.4,0.5335169880624426,no
0.7575757575757576,1,0.2,5.575757575757576,11.093439229535354,107.06060606060606,1,0.5041322314049587,yes
0.3333333333333333,0.4375,0.36363636363636365,-4.242424242424242,14.084633255409738,95.84848484848484,0.4,0.49770431588613406,no
0.30303030303030304,0.4444444444444444,0.2,-4.242424242424242,10.73263219994955,100.96969696969697,0,0.5179063360881543,no
0.45454545454545453,0.42105263157894735,0.3333333333333333,0.06060606060606061,13.97081644433181,102.72727272727273,0.6,0.519742883379247,yes
0.2727272727272727,0.5,0.2222222222222222,-5.181818181818182,14.072256716351827,105.48484848484848,0.6,0.4885215794306703,no
0.6060606060606061,0.8125,0.1,-0.5454545454545454,12.649335232263466,107.48484848484848,0.2,0.48484848484848486,yes
0.6666666666666666,0.7647058823529411,0.5,6.575757575757576,15.964864357062165,117.27272727272727,0.6,0.4820936639118457,yes
0.8484848484848485,0.8888888888888888,0.4642857142857143,11.151515151515152,12.530266388133006,118.0909090909091,0.6,0.4453627180899908,yes
0.24242424242424243,0.4375,0.5,-8.393939393939394,15.72008944380445,95.03030303030303,0.2,0.5004591368227732,no
0.7272727272727273,0.8571428571428571,0.25,5.333333333333333,13.1140827611643,109.81818181818181,0.6,0.4903581267217631,yes
0.45454545454545453,0.625,0.4,-1.121212121212121,16.76073830369201,105.93939393939394,0.4,0.4903581267217631,yes
0.696969696969697,0.8333333333333334,0.391304347826087,5.090909090909091,14.274898503062195,104.57575757575758,1,0.4701561065197429,yes
0.45454545454545453,0.6666666666666666,0.2,-2.727272727272727,14.189064291014594,104.93939393939394,0.8,0.5087235996326905,no
0.5454545454545454,0.6666666666666666,0.2777777777777778,-0.12121212121212122,13.4111837093095,106.42424242424242,1,0.512396694214876,no
0.6363636363636364,0.8235294117647058,0.42857142857142855,4.484848484848484,16.236766173027675,109.0909090909091,0.6,0.4830119375573921,yes
0.2727272727272727,0.375,0.1111111111111111,-6.212121212121212,11.444861226107047,107.63636363636364,0.4,0.5390266299357208,no
0.8484848484848485,0.8823529411764706,0.4642857142857143,11.515151515151516,12.122090403786624,112.15151515151516,0.8,0.48484848484848486,yes
0.7272727272727273,0.9375,0.25,7.636363636363637,14.993369746779287,109.84848484848484,1,0.4756657483930211,yes
0.36363636363636365,0.4117647058823529,0.16666666666666666,-6.242424242424242,14.01122385587333,98.15151515151516,0,0.5224977043158862,no
0.3939393939393939,0.6111111111111112,0.07692307692307693,-6.575757575757576,15.763942842429806,99.87878787878788,0.2,0.5160697887970616,no
0.5151515151515151,0.5625,0.23529411764705882,2.303030303030303,11.547415426419153,100.75757575757575,0.6,0.5059687786960514,yes
0.696969696969697,0.6875,0.21739130434782608,4.818181818181818,14.429688461325458,117.60606060606061,0.6,0.4967860422405877,yes
0.5151515151515151,0.6,0.058823529411764705,-3.121212121212121,11.307512922161465,99.72727272727273,0.2,0.472910927456382,no
0.3939393939393939,0.625,0.6153846153846154,0.30303030303030304,14.755263570343399,112.66666666666667,0.2,0.5353535353535354,yes
0.5151515151515151,0.631578947368421,0.23529411764705882,-0.9090909090909091,13.782605968129804,100.60606060606061,0.4,0.5142332415059688,yes
0.5757575757575758,0.6,0.21052631578947367,-1.3636363636363635,14.874092791280965,98.48484848484848,0.4,0.4839302112029385,yes
0.45454545454545453,0.7333333333333333,0.26666666666666666,-5.454545454545454,19.91715797542867,103.93939393939394,0.2,0.5059687786960514,yes
0.5151515151515151,0.7058823529411765,0.35294117647058826,1.4848484848484849,13.87470993417793,107.60606060606061,0.6,0.5078053259871441,no
0.21212121212121213,0.2631578947368421,0,-4.787878787878788,7.845211818991791,96.54545454545455,0.6,0.5307621671258035,no
0.3939393939393939,0.47368421052631576,0.23076923076923078,-2.3636363636363638,14.666752754568284,103.84848484848484,0.6,0.4866850321395776,yes
0.6666666666666666,0.8235294117647058,0.18181818181818182,2.727272727272727,12.940422924098945,102.66666666666667,0.6,0.47474747474747475,yes
0.21212121212121213,0.25,0.14285714285714285,-8.030303030303031,10.846902923429482,99.48484848484848,0.2,0.5289256198347108,no
0.45454545454545453,0.5625,0.2,-0.9090909090909091,11.410969602655477,102.63636363636364,0.4,0.5068870523415978,no
0.6060606060606061,0.7857142857142857,0.5,5.878787878787879,14.880267083787459,110.21212121212122,0.4,0.4692378328741965,yes
0.6363636363636364,0.75,0.47619047619047616,6.7272727272727275,15.098163645110802,109.18181818181819,0.6,0.4839302112029385,yes
0.2727272727272727,0.5,0.1111111111111111,-8.545454545454545,14.760781883700531,100.9090909090909,0.2,0.5160697887970616,no
0.5757575757575758,0.7333333333333333,0.3157894736842105,4.787878787878788,13.45306093366296,102.93939393939394,0.6,0.49403122130394855,yes
0.5454545454545454,0.625,0.1111111111111111,-0.06060606060606061,10.700290282100394,102.96969696969697,0.6,0.49403122130394855,yes
0.6363636363636364,0.9230769230769231,0.47619047619047616,5.363636363636363,13.767757129018378,108.18181818181819,0.8,0.46831955922865015,yes
0.36363636363636365,0.26666666666666666,0.08333333333333333,-3.8181818181818183,10.33336388069776,101.24242424242425,0.4,0.527089072543618,no
0.48484848484848486,0.4444444444444444,0.0625,-2.606060606060606,12.676107924801371,104.18181818181819,0.8,0.4692378328741965,yes
0.48484848484848486,0.6666666666666666,0.1875,-1.2121212121212122,14.878166838856476,104.24242424242425,0.8,0.4921946740128558,yes
0.5151515151515151,0.5333333333333333,0.17647058823529413,-0.09090909090909091,11.273208384161418,111.12121212121212,0.4,0.48760330578512395,yes
0.696969696969697,0.7647058823529411,0.2608695652173913,4.515151515151516,13.405039192690776,103.48484848484848,0.4,0.49127640036730946,yes
0.6060606060606061,0.7894736842105263,0.5,6.606060606060606,12.942032766192957,108.39393939393939,0.8,0.509641873278237,yes
0.09090909090909091,0.16666666666666666,0,-16.78787878787879,12.100510257210168,99.60606060606061,0.2,0.5298438934802571,no
0.2727272727272727,0.5333333333333333,0.3333333333333333,-7.454545454545454,14.899855093865236,103,0.4,0.5583103764921947,no
0.5151515151515151,0.6470588235294118,0.23529411764705882,-0.42424242424242425,12.629405921871145,98.18181818181819,0.4,0.472910927456382,no
0.5454545454545454,0.5714285714285714,0.2222222222222222,1.3333333333333333,10.996211468804457,114.03030303030303,0.6,0.49770431588613406,no
0.5151515151515151,0.6470588235294118,0.23529411764705882,-0.5454545454545454,13.804643487543668,101.12121212121212,0.6,0.5059687786960514,yes
0.48484848484848486,0.6,0.375,1.4242424242424243,13.537056324747782,107.27272727272727,0.6,0.5078053259871441,yes
0.5151515151515151,0.6666666666666666,0.23529411764705882,1.1818181818181819,11.375561924182431,107.9090909090909,0.2,0.4857667584940312,yes
0.5454545454545454,0.5625,0.2777777777777778,0.9090909090909091,12.824204742311599,102.18181818181819,0.6,0.4793388429752066,yes
0.30303030303030304,0.4666666666666667,0.1,-3,10.29866496202299,101.87878787878788,0.2,0.5206611570247934,no
0.42424242424242425,0.5625,0.14285714285714285,-3.090909090909091,14.180452294363791,101.6969696969697,0.2,0.5022956841138659,no
0.21212121212121213,0.21052631578947367,0.42857142857142855,-7.787878787878788,14.934769783456607,97.21212121212122,0.2,0.4967860422405877,no
0.5454545454545454,0.5333333333333333,0.1111111111111111,0.2727272727272727,12.620104811551506,104.84848484848484,0.4,0.4885215794306703,yes
0.6060606060606061,0.8235294117647058,0.3,4.121212121212121,12.501893795935418,96.96969696969697,0.4,0.49403122130394855,yes
0.48484848484848486,0.5263157894736842,0.375,2.0303030303030303,14.436249617899485,107.45454545454545,0.4,0.5059687786960514,no
0.3939393939393939,0.4117647058823529,0.15384615384615385,-3.787878787878788,14.675143899970744,108.21212121212122,0.6,0.5344352617079889,no
0.7575757575757576,0.9285714285714286,0.28,6.424242424242424,10.799393220889494,113.42424242424242,0.4,0.5022956841138659,yes
0.6666666666666666,0.7894736842105263,0.36363636363636365,4.484848484848484,12.894090730159135,108.21212121212122,0.6,0.4995408631772268,yes
0.3939393939393939,0.5555555555555556,0.3076923076923077,1.0606060606060606,17.3059588616526,108,0.2,0.509641873278237,no
0.6060606060606061,0.7333333333333333,0.5,5.333333333333333,12.817631086385138,106.36363636363636,1,0.4701561065197429,yes
0.7272727272727273,0.9444444444444444,0.4166666666666667,8.393939393939394,12.639074812707301,108.9090909090909,0.8,0.4967860422405877,yes
0.696969696969697,0.75,0.4782608695652174,5.515151515151516,14.526099812323189,107.93939393939394,0.6,0.44077134986225897,yes
0.3333333333333333,0.5,0.2727272727272727,-6.363636363636363,16.118347817429562,104.03030303030303,0.6,0.5188246097337006,no
0.7575757575757576,0.9444444444444444,0.32,6.545454545454546,13.076914078565395,102,0.8,0.4719926538108356,yes
0.3939393939393939,0.4375,0.07692307692307693,-4.303030303030303,12.309764540002503,101.12121212121212,0.4,0.4986225895316804,no
0.5757575757575758,0.8125,0.47368421052631576,1.3636363636363635,14.932804035533191,107.6969696969697,0.6,0.5013774104683195,no
0.6666666666666666,0.8666666666666667,0.22727272727272727,2.4242424242424243,13.10779897387025,98.72727272727273,0.6,0.4866850321395776,yes
0.45454545454545453,0.6470588235294118,0.26666666666666666,1.4848484848484849,11.135868882021544,100.48484848484848,0.6,0.5206611570247934,yes
0.06060606060606061,0,0.5,-11.848484848484848,10.524142518874198,92.96969696969697,0,0.5583103764921946,no
0.48484848484848486,0.6875,0.1875,-0.8484848484848485,14.00250248196999,98.21212121212122,0.4,0.5050505050505051,yes
0.24242424242424243,0.2631578947368421,0,-6.212121212121212,10.337303733800631,93.87878787878788,0,0.5206611570247934,no
0.5757575757575758,0.5555555555555556,0.21052631578947367,1.3636363636363635,13.60794386980033,102.66666666666667,0.8,0.512396694214876,yes
0.8484848484848485,0.9230769230769231,0.17857142857142858,5.454545454545454,11.388291435425325,100.48484848484848,0.8,0.494949494949495,yes
0.45454545454545453,0.5333333333333333,0.3333333333333333,0.18181818181818182,12.471102962084352,98.60606060606061,0.8,0.5133149678604224,yes
0.36363636363636365,0.47058823529411764,0.16666666666666666,-4.9393939393939394,13.672370391457807,100.03030303030303,0.2,0.47474747474747475,no
0.3333333333333333,0.35714285714285715,0.09090909090909091,-6.636363636363637,13.662947572307974,99.33333333333333,0.4,0.5215794306703397,no
0.48484848484848486,0.47058823529411764,0.4375,1.8484848484848484,14.171100019320157,101.21212121212122,0.2,0.5160697887970616,yes
0.2727272727272727,0.1875,0,-6.2727272727272725,9.321590285704765,94.03030303030303,0.2,0.4986225895316804,no
0.3333333333333333,0.29411764705882354,0.2727272727272727,-2.8484848484848486,10.338402959721378,98.33333333333333,0.6,0.4820936639118457,no
0.3939393939393939,0.5,0.38461538461538464,-1.0606060606060606,13.159928271887052,98.06060606060606,0.2,0.5087235996326905,yes
0.7272727272727273,0.7894736842105263,0.2916666666666667,8.121212121212121,11.162878145211856,98.51515151515152,0.8,0.4380165289256198,yes
0.5757575757575758,0.7058823529411765,0.3684210526315789,2.3333333333333335,12.682829600158895,104.06060606060606,0.6,0.5032139577594122,yes
0.42424242424242425,0.5,0.2857142857142857,-1.7575757575757576,14.188530365735344,96.24242424242425,0.6,0.5068870523415978,no
0.7575757575757576,0.8333333333333334,0.48,7.0606060606060606,12.934786898948591,109.87878787878788,0.6,0.49770431588613406,yes
0.5454545454545454,0.6875,0.2222222222222222,1.5454545454545454,11.581480122082057,103.75757575757575,0.2,0.4885215794306703,yes
0.3333333333333333,0.5,0.09090909090909091,-5.848484848484849,12.530266388133006,102.54545454545455,0.4,0.5004591368227732,no
0.6363636363636364,0.75,0.2857142857142857,4.575757575757576,12.270468366749247,95.87878787878788,0.8,0.4885215794306703,yes
0.8484848484848485,0.9444444444444444,0.5357142857142857,11.363636363636363,12.985131357196058,106.15151515151516,0.6,0.4839302112029385,yes
0.6666666666666666,0.7647058823529411,0.2727272727272727,2.727272727272727,12.560535237582252,101.57575757575758,0.4,0.49586776859504134,yes
0.3333333333333333,0.4375,0.36363636363636365,-4.666666666666667,12.461607707943092,100.48484848484848,0.6,0.527089072543618,no
0.42424242424242425,0.5294117647058824,0.42857142857142855,0.30303030303030304,10.932991495025643,94.87878787878788,0.4,0.5041322314049587,yes
0.42424242424242425,0.47058823529411764,0.14285714285714285,-3.0606060606060606,12.285508215829418,103.24242424242425,0.6,0.5013774104683195,yes
0.6363636363636364,0.8,0.19047619047619047,3.3636363636363638,11.360067621437663,102.54545454545455,1,0.47474747474747475,yes
0.5454545454545454,0.5555555555555556,0.5,5.151515151515151,16.77632485848959,101.18181818181819,0.6,0.4820936639118457,yes
0.6666666666666666,0.631578947368421,0.22727272727272727,3.8181818181818183,13.90920231684438,93.60606060606061,0.4,0.5013774104683195,yes
0.48484848484848486,0.5,0.125,-3.0303030303030303,12.456135156231367,102.72727272727273,0.4,0.5078053259871441,no
0.5151515151515151,0.6111111111111112,0.23529411764705882,0.09090909090909091,12.696858953013823,103.0909090909091,0.4,0.5243342516069789,yes
0.3333333333333333,0.4666666666666667,0.09090909090909091,-6.424242424242424,11.37164869046674,98.54545454545455,0.4,0.4903581267217631,no
0.30303030303030304,0.4117647058823529,0.3,-2.9696969696969697,11.156513928208176,106.18181818181819,0,0.5509641873278237,no
0.6666666666666666,0.6666666666666666,0.22727272727272727,3.6363636363636362,11.75749277540226,102.06060606060606,0.6,0.5261707988980716,yes
0.6060606060606061,0.9166666666666666,0.1,1.2727272727272727,11.402501719120478,98.57575757575758,0.4,0.4719926538108356,yes
0.15151515151515152,0.17647058823529413,0.2,-11.878787878787879,14.482225260119678,94.3030303030303,0.2,0.5215794306703397,no
0.6666666666666666,0.75,0.2727272727272727,0.6666666666666666,16.929387663665413,105.27272727272727,0.6,0.4508723599632691,yes
0.30303030303030304,0.5333333333333333,0.4,-3.242424242424242,17.39437822801936,103.21212121212122,0.2,0.5105601469237833,no
0.3333333333333333,0.46153846153846156,0.09090909090909091,-5.545454545454546,11.747581956223238,99.57575757575758,0.4,0.5528007346189164,no
0.21212121212121213,0.1875,0,-10.727272727272727,11.777289393342828,92.78787878787878,0.2,0.5160697887970616,no
0.3939393939393939,0.5625,0.15384615384615385,-2.3636363636363638,10.772703298784217,100.03030303030303,0.2,0.5325987144168962,no
0.6060606060606061,0.6875,0.15,1.1818181818181819,12.158984706418094,98.18181818181819,0.8,0.4921946740128558,yes
0.7878787878787878,1,0.46153846153846156,8.212121212121213,16.402662847380864,112.51515151515152,0.8,0.418732782369146,yes
0.30303030303030304,0.3125,0.2,-2.8484848484848486,13.01950750825759,96.15151515151516,0,0.4903581267217631,no
0.7878787878787878,0.9411764705882353,0.34615384615384615,6.96969696969697,12.400818643553459,112.33333333333333,1,0.46189164370982555,yes
0.5454545454545454,0.6666666666666666,0.3888888888888889,5.2727272727272725,15.338417306050369,104.54545454545455,0.8,0.519742883379247,yes
0.5757575757575758,0.7222222222222222,0.10526315789473684,0.9696969696969697,10.017125487399218,98.06060606060606,0.8,0.4995408631772268,no
0.6363636363636364,0.6666666666666666,0.14285714285714285,3.8484848484848486,9.437694408995014,106.36363636363636,0.6,0.49127640036730946,yes
0.7272727272727273,0.9411764705882353,0.375,7.363636363636363,14.775017305019862,110.12121212121212,1,0.5022956841138659,yes
0.696969696969697,0.6842105263157895,0.43478260869565216,8.272727272727273,12.260894969558523,106.96969696969697,0.8,0.48760330578512395,yes
0.21212121212121213,0.2,0,-7.545454545454546,9.57239164567465,99.0909090909091,0,0.5362718089990817,no
0.48484848484848486,0.5,0.1875,0.45454545454545453,12.490223449489678,100.63636363636364,0.6,0.4967860422405877,yes
0.42424242424242425,0.45,0.2857142857142857,-3.121212121212121,14.432510124190058,104.78787878787878,0.4,0.4885215794306703,no
0.48484848484848486,0.7333333333333333,0.0625,-0.6060606060606061,10.277218111980115,103.12121212121212,0.6,0.4903581267217631,no
0.9090909090909091,1,0.4,12.090909090909092,9.448424592106733,107.57575757575758,1,0.5068870523415978,yes
0.5454545454545454,0.6666666666666666,0.16666666666666666,0.8181818181818182,12.797593878964479,93.27272727272727,0.4,0.5160697887970616,yes
0.30303030303030304,0.35714285714285715,0.2,-4.333333333333333,10.956352799479701,100.57575757575758,0.4,0.5078053259871441,no
0.42424242424242425,0.5714285714285714,0,-4.181818181818182,11.687211347918248,99.18181818181819,0.4,0.519742883379247,no
0.5454545454545454,0.6666666666666666,0.2222222222222222,2.8181818181818183,10.596150673282684,95.57575757575758,0.8,0.4921946740128558,yes
0.45454545454545453,0.625,0.4,0.18181818181818182,13.64609501252681,106.45454545454545,0.8,0.46831955922865015,no
0.7272727272727273,0.8666666666666667,0.3333333333333333,6.393939393939394,11.924081185618125,103.87878787878788,0.8,0.472910927456382,yes
0.6060606060606061,0.7857142857142857,0.25,2.787878787878788,12.396465160877455,99.81818181818181,0.8,0.5188246097337006,yes
0.3939393939393939,0.5333333333333333,0.15384615384615385,-3.787878787878788,12.965718201659655,99.63636363636364,0.4,0.5068870523415978,no
0.5151515151515151,0.75,0.35294117647058826,0.8787878787878788,13.909883122616398,101.84848484848484,0.4,0.5151515151515151,yes
0.48484848484848486,0.6666666666666666,0.25,-0.42424242424242425,13.502384750087442,93.78787878787878,0.2,0.512396694214876,yes
0.36363636363636365,0.4375,0.08333333333333333,-4.333333333333333,11.91550110850008,94.75757575757575,0.4,0.5160697887970616,no
0.24242424242424243,0.35714285714285715,0.25,-5.393939393939394,12.242189841740412,99.60606060606061,0.2,0.494949494949495,no
0.3939393939393939,0.6666666666666666,0.15384615384615385,-4.151515151515151,13.299720890213289,93.48484848484848,0.4,0.5169880624426079,no
0.6666666666666666,0.7222222222222222,0.22727272727272727,3.878787878787879,11.055986997317268,99.27272727272727,0.6,0.49127640036730946,yes
0.7878787878787878,1,0.19230769230769232,4.757575757575758,11.594800297521038,103,0.8,0.49127640036730946,yes
0.21212121212121213,0.25,0.2857142857142857,-9.636363636363637,13.999594149961505,96.0909090909091,0.2,0.49127640036730946,no
0.42424242424242425,0.45,0.14285714285714285,-1.5757575757575757,8.474337374650242,104.33333333333333,0.2,0.4628099173553719,yes
0.45454545454545453,0.625,0.2,0.48484848484848486,10.38063465100163,103.27272727272727,0.6,0.5188246097337006,yes
0.6060606060606061,0.7647058823529411,0.35,0.21212121212121213,16.786820678283558,102.42424242424242,0.2,0.48484848484848486,yes
0.7272727272727273,0.7777777777777778,0.3333333333333333,6.2727272727272725,14.824541998137597,103.57575757575758,0.8,0.5243342516069789,yes
0.696969696969697,0.9285714285714286,0.391304347826087,6.666666666666667,15.24931692459261,104.54545454545455,0.6,0.47474747474747475,yes
0.2727272727272727,0.4375,0.3333333333333333,-5.515151515151516,11.484013921864417,98.18181818181819,0.2,0.5362718089990818,no
0.6666666666666666,0.8,0.3181818181818182,5.2727272727272725,11.576573130877094,103.54545454545455,0.6,0.5114784205693297,yes
0.18181818181818182,0.3125,0,-10.727272727272727,12.662130367933567,91.48484848484848,0.4,0.49403122130394855,no
0.5151515151515151,0.6875,0.29411764705882354,2.121212121212121,13.228183869482935,104.57575757575758,0.4,0.4820936639118457,no
0.3939393939393939,0.6,0.07692307692307693,-4.7272727272727275,13.850254346204096,94.87878787878788,0.6,0.4921946740128558,no
0.6060606060606061,0.7333333333333333,0.2,2.121212121212121,10.424603037279093,94.87878787878788,0.4,0.44995408631772266,yes
0.45454545454545453,0.4,0.06666666666666667,-2.0606060606060606,10.286336185504153,94.03030303030303,0.4,0.4857667584940312,yes
0.18181818181818182,0.375,0.3333333333333333,-10.121212121212121,15.749518992173968,85.15151515151516,0.2,0.5142332415059687,no
0.3939393939393939,0.5294117647058824,0.23076923076923078,-3.272727272727273,12.575454085421546,92.42424242424242,0.4,0.46740128558310373,no
0.6666666666666666,0.7058823529411765,0.3181818181818182,3.787878787878788,14.041807165918797,103.0909090909091,0.6,0.4830119375573921,yes
0.30303030303030304,0.42105263157894735,0.1,-4.424242424242424,11.421006695532313,92.42424242424242,0,0.5463728191000918,no
0.48484848484848486,0.7142857142857143,0.25,0.06060606060606061,13.647205286109392,93.87878787878788,0.2,0.48484848484848486,yes
0.36363636363636365,0.4666666666666667,0.16666666666666666,-4.696969696969697,12.314840763497635,94.72727272727273,0.2,0.5114784205693297,no
0.30303030303030304,0.3888888888888889,0.1,-5.242424242424242,13.704539172821315,90.48484848484848,0.4,0.5325987144168962,no
0.5454545454545454,0.6875,0.16666666666666666,0.6060606060606061,12.472317832753145,98.06060606060606,0.6,0.4885215794306703,yes
0.5454545454545454,0.6956521739130435,0.3888888888888889,1.7878787878787878,13.434464949704864,95.93939393939394,0.6,0.4986225895316804,no
0.7878787878787878,0.8888888888888888,0.5384615384615384,9.606060606060606,13.367262701137138,101.66666666666667,0.8,0.48117539026629935,yes
0.2727272727272727,0.35294117647058826,0.2222222222222222,-6.545454545454546,12.377123325643234,89.78787878787878,0.2,0.5188246097337006,no
0.24242424242424243,0.23529411764705882,0.125,-4.515151515151516,9.27739595778771,84,0.6,0.5078053259871441,no
0.6060606060606061,0.8461538461538461,0.3,1.303030303030303,12.027273299892334,96.72727272727273,0.4,0.49770431588613406,no
0.7272727272727273,0.875,0.4166666666666667,6.818181818181818,15.036319665759606,101.39393939393939,1,0.4765840220385675,yes
0.6666666666666666,0.75,0.22727272727272727,3.515151515151515,12.879540976198482,95.42424242424242,0.6,0.46097337006427913,yes
0.42424242424242425,0.5555555555555556,0.14285714285714285,-2.3636363636363638,11.564542202942423,89.24242424242425,0.2,0.4830119375573921,no
0.45454545454545453,0.5714285714285714,0.4,1.696969696969697,16.864320414125885,99.66666666666667,0.4,0.5234159779614325,yes
0.42424242424242425,0.5,0.2857142857142857,0.09090909090909091,11.334029613192621,87.57575757575758,0.4,0.4931129476584022,yes
0.5454545454545454,0.6111111111111112,0.3888888888888889,1.393939393939394,16.19980592850458,98.18181818181819,0.6,0.5105601469237833,no
0.45454545454545453,0.5882352941176471,0.3333333333333333,-0.6666666666666666,12.264447262990153,93.54545454545455,0.4,0.5188246097337006,yes
0.7272727272727273,0.9473684210526315,0.375,6.454545454545454,14.660940686674298,101.66666666666667,1,0.5059687786960514,yes
0.7575757575757576,0.7894736842105263,0.36,7.878787878787879,11.036183601447037,99.96969696969697,0.8,0.4949494949494949,yes
0.5151515151515151,0.6470588235294118,0.29411764705882354,0.696969696969697,14.829204396403167,97.54545454545455,0.8,0.5362718089990817,yes
0.5454545454545454,0.6,0.2222222222222222,-0.15151515151515152,12.619729622998099,92.75757575757575,0.6,0.49127640036730946,yes
0.5151515151515151,0.5882352941176471,0.23529411764705882,0.6666666666666666,14.655772469121738,96.60606060606061,0.8,0.5390266299357208,yes
0.5454545454545454,0.6,0.2777777777777778,0.06060606060606061,13.392953823604863,91.36363636363636,0.8,0.46648301193755737,no
0.36363636363636365,0.5882352941176471,0.25,-4.818181818181818,12.610646656334048,92.60606060606061,0,0.54178145087236,no
0.5757575757575758,0.631578947368421,0.2631578947368421,0.48484848484848486,15.110263920844524,95.9090909090909,0.2,0.4637281910009183,yes
0.36363636363636365,0.6111111111111112,0.25,-5.757575757575758,13.325329036815337,92.81818181818181,0.4,0.5114784205693297,no
0.18181818181818182,0.29411764705882354,0.16666666666666666,-10.727272727272727,13.396064550999501,90.36363636363636,0.2,0.5399449035812672,no
0.8484848484848485,0.8947368421052632,0.39285714285714285,11.151515151515152,11.264216606474493,102.48484848484848,0.8,0.46831955922865015,yes
0.21212121212121213,0.23529411764705882,0.14285714285714285,-8.363636363636363,11.810530740133416,80.51515151515152,0.2,0.5509641873278237,no
0.696969696969697,0.8125,0.21739130434782608,3.5454545454545454,13.509466377995166,89.6969696969697,0.8,0.4674012855831038,yes
0.42424242424242425,0.5555555555555556,0.14285714285714285,-1.303030303030303,13.005971821832578,98.3030303030303,0.8,0.5041322314049587,no
0.5757575757575758,0.7222222222222222,0.21052631578947367,3.1818181818181817,11.295614595537026,91.93939393939394,0.8,0.494949494949495,no
0.696969696969697,0.9333333333333333,0.34782608695652173,4.96969696969697,12.897395203307644,98.48484848484848,0.6,0.4664830119375574,yes
0.36363636363636365,0.3888888888888889,0.16666666666666666,-3.4242424242424243,11.099071760259681,92.33333333333333,0,0.549127640036731,no
0.3939393939393939,0.6,0.3076923076923077,-2.1818181818181817,12.575905895437876,95.03030303030303,0.6,0.5004591368227732,yes
0.3333333333333333,0.5263157894736842,0.09090909090909091,-4.9393939393939394,12.474823129856876,95.33333333333333,0.6,0.5215794306703397,no
0.36363636363636365,0.375,0.25,-2.6666666666666665,14.589522496184262,85.57575757575758,0.6,0.49770431588613406,no
0.42424242424242425,0.5333333333333333,0.2857142857142857,-0.5757575757575758,12.973603737566288,99.6969696969697,0.4,0.5078053259871442,yes
0.5151515151515151,0.6666666666666666,0.29411764705882354,-0.5757575757575758,12.24497423187954,95.87878787878788,0.4,0.5160697887970616,yes
0.7272727272727273,0.9473684210526315,0.4166666666666667,9.909090909090908,13.768995143899474,98.6969696969697,1,0.4775022956841139,yes
0.5454545454545454,0.7857142857142857,0.2777777777777778,1.6666666666666667,10.858944086174617,93.93939393939394,0,0.49127640036730946,yes
0.3939393939393939,0.47368421052631576,0.3076923076923077,-2.1818181818181817,12.261358370543986,93.36363636363636,0.4,0.5472910927456383,no
0.5454545454545454,0.7333333333333333,0.2777777777777778,-0.5151515151515151,16.51915784044622,98.06060606060606,0.6,0.48484848484848486,yes
0.5757575757575758,0.8666666666666667,0.21052631578947367,0.6666666666666666,12.506664889836404,92.84848484848484,0.2,0.46189164370982555,yes
0.6363636363636364,0.8333333333333334,0.09523809523809523,1.7878787878787878,10.89655213748131,91.45454545454545,0.8,0.5004591368227732,yes
0.6060606060606061,0.6428571428571429,0.2,1.4848484848484849,12.32913523964985,92.45454545454545,0.6,0.5316804407713499,yes
0.7272727272727273,0.875,0.375,6.545454545454546,11.62726028857107,99.18181818181819,0.6,0.4527089072543618,yes
0.6060606060606061,0.8235294117647058,0.3,3.8181818181818183,12.655173214575496,92.48484848484848,0.4,0.46005509641873277,yes
0.48484848484848486,0.46153846153846156,0.0625,0.030303030303030304,11.306759174507214,92.66666666666667,0.4,0.4986225895316804,no
0.24242424242424243,0.26666666666666666,0.125,-7.848484848484849,10.365571656091898,88.51515151515152,0,0.48301193755739213,no
0.5757575757575758,0.7142857142857143,0.47368421052631576,4.424242424242424,15.305289737191973,96.21212121212122,0.8,0.48760330578512395,yes
0.48484848484848486,0.6470588235294118,0.3125,1.5454545454545454,14.826266617668178,91.81818181818181,0.8,0.5078053259871442,no
0.2727272727272727,0.3333333333333333,0,-6.090909090909091,12.304378378151709,90.12121212121212,0.4,0.4931129476584022,no
0.48484848484848486,0.47058823529411764,0.125,-0.15151515151515152,9.994127063309518,94.78787878787878,0.4,0.4986225895316804,yes
0.30303030303030304,0.29411764705882354,0,-6.393939393939394,12.333742826944793,89.12121212121212,0.4,0.5022956841138659,no
0.30303030303030304,0.5,0,-3.272727272727273,9.441506524625478,90.72727272727273,0.2,0.49127640036730946,no
0.5757575757575758,0.8823529411764706,0.3157894736842105,3.0606060606060606,13.733943793434285,102.18181818181819,0.6,0.5215794306703397,yes
0.6060606060606061,0.7647058823529411,0.25,2.9696969696969697,12.65524804301769,98.0909090909091,0.6,0.4866850321395776,yes
0.6060606060606061,0.7058823529411765,0.05,3.212121212121212,8.546774156653989,88.54545454545455,0.8,0.4756657483930211,yes
0.42424242424242425,0.625,0.14285714285714285,-2.1818181818181817,12.546051533885436,91.33333333333333,0,0.5188246097337006,no
0.5757575757575758,0.75,0.3157894736842105,2.6666666666666665,12.88571560553261,86.42424242424242,0.6,0.5133149678604224,yes
0.696969696969697,0.75,0.13043478260869565,3.757575757575758,11.110328255249435,88.36363636363636,0.6,0.47107438016528924,yes
0.45454545454545453,0.5789473684210527,0.2,-2.4242424242424243,12.4600117953152,95.48484848484848,0.4,0.5390266299357208,no
0.6666666666666666,0.8888888888888888,0.5,5.545454545454546,15.502199257466078,101.48484848484848,0.2,0.512396694214876,yes
0.48484848484848486,0.6666666666666666,0.125,0.8484848484848485,13.592555894958672,95.12121212121212,0.2,0.5353535353535354,yes
0.42424242424242425,0.6666666666666666,0.14285714285714285,-4,12.673791855636576,86.24242424242425,0.6,0.46097337006427913,yes
0.5151515151515151,0.7333333333333333,0.17647058823529413,1.1818181818181819,10.420696190318049,95.18181818181819,0.6,0.49770431588613406,yes
0.6666666666666666,0.6666666666666666,0.4090909090909091,5.424242424242424,12.379494898395247,95.75757575757575,0.8,0.4931129476584022,yes
0.5757575757575758,0.5882352941176471,0.3157894736842105,2.5757575757575757,13.720491752827007,88.87878787878788,0.8,0.4921946740128558,yes
0.6363636363636364,0.7142857142857143,0.19047619047619047,1.6666666666666667,13.037605864063641,92.78787878787878,0.6,0.45179063360881544,yes
0.42424242424242425,0.5333333333333333,0.21428571428571427,-1.606060606060606,12.859673873050285,89.45454545454545,0.8,0.5078053259871441,yes
0.24242424242424243,0.1875,0.125,-6.333333333333333,11.855027063092967,92.18181818181819,0.2,0.5078053259871441,no
0.45454545454545453,0.5333333333333333,0.2,-0.5151515151515151,9.73756005155171,88.27272727272727,0.2,0.4866850321395776,no
0.36363636363636365,0.5294117647058824,0.16666666666666666,-3.212121212121212,12.07206893969913,93.75757575757575,0.4,0.5087235996326905,no
0.45454545454545453,0.7368421052631579,0.06666666666666667,-3.606060606060606,10.673973586308527,90.60606060606061,0.2,0.5353535353535354,no
0.7272727272727273,0.9,0.3333333333333333,7.757575757575758,12.537519449212988,104.96969696969697,0.8,0.4857667584940312,yes
0.6666666666666666,0.7777777777777778,0.3181818181818182,7.181818181818182,11.729915135707891,90.0909090909091,0.8,0.4674012855831038,yes
0.5454545454545454,0.5555555555555556,0.2222222222222222,-0.5454545454545454,13.672716694870182,97.0909090909091,0.8,0.5280073461891643,no
0.5454545454545454,0.6875,0,-2.1818181818181817,11.080541913232814,85.18181818181819,0.8,0.4738292011019284,no
0.5151515151515151,0.8125,0.17647058823529413,-0.6363636363636364,12.072225824744846,90.87878787878788,0.4,0.5289256198347108,no
0.2727272727272727,0.35714285714285715,0.3333333333333333,-5.363636363636363,13.199948347006377,88.21212121212122,0.2,0.49127640036730946,no
0.18181818181818182,0.2222222222222222,0.3333333333333333,-9.484848484848484,11.874661079693,90.57575757575758,0.2,0.5482093663911846,no
0.45454545454545453,0.625,0.3333333333333333,0.48484848484848486,11.702353428160327,100.78787878787878,0.6,0.5280073461891643,yes
0.24242424242424243,0.4375,0.25,-6.2727272727272725,10.198874715111733,93,0.2,0.5013774104683195,no
0.45454545454545453,0.55,0.2,-0.7272727272727273,13.526069105787737,91.0909090909091,1,0.5142332415059687,yes
0.6363636363636364,0.8235294117647058,0.42857142857142855,4.0606060606060606,14.484775183661364,97.21212121212122,0.8,0.44352617079889806,no
0.6666666666666666,0.631578947368421,0.5,5.96969696969697,14.584848406147492,102.39393939393939,0.8,0.4931129476584022,yes
0.42424242424242425,0.5555555555555556,0.14285714285714285,-3.1818181818181817,12.578390560437734,94.87878787878788,0.2,0.5445362718089991,yes
0.5757575757575758,0.6,0.15789473684210525,0.5757575757575758,11.051103743038245,90.0909090909091,0.8,0.46648301193755737,yes
0.3333333333333333,0.47058823529411764,0.09090909090909091,-4.7272727272727275,10.932385167681637,93.84848484848484,0.2,0.4894398530762167,no
0.48484848484848486,0.5789473684210527,0.3125,0.15151515151515152,12.026328440449968,90.87878787878788,0.6,0.4628099173553719,yes
0.5151515151515151,0.6,0.17647058823529413,-2.242424242424242,13.416478447766908,93.39393939393939,0.4,0.4719926538108356,yes
0.48484848484848486,0.55,0.125,-0.24242424242424243,14.037962599301721,95.18181818181819,0.6,0.49403122130394855,no
0.5454545454545454,0.6666666666666666,0.16666666666666666,0.3939393939393939,11.78966547961443,98.24242424242425,0.4,0.4986225895316804,no
0.48484848484848486,0.5882352941176471,0.25,0.8787878787878788,12.606440754029208,93.33333333333333,0.8,0.5362718089990817,yes
0.7575757575757576,0.7647058823529411,0.2,5.575757575757576,10.556485870752347,101.06060606060606,0.8,0.47750229568411384,yes
0.36363636363636365,0.5625,0.16666666666666666,-3.090909090909091,11.788139262526858,95.6969696969697,0.6,0.5280073461891643,no
0.5151515151515151,0.6,0.23529411764705882,2.272727272727273,13.489052800495129,99.42424242424242,0.2,0.5316804407713499,no
0.36363636363636365,0.4666666666666667,0.08333333333333333,-6.181818181818182,12.084221492959697,86.42424242424242,0.4,0.4866850321395776,yes
0.12121212121212122,0.14285714285714285,0,-8.636363636363637,8.738628975053029,86.66666666666667,0.4,0.5316804407713499,no
0.48484848484848486,0.625,0.0625,-1.9696969696969697,12.551107641571043,96.57575757575758,0.2,0.4719926538108356,no
0.5454545454545454,0.75,0.3333333333333333,0.30303030303030304,12.135909649890404,101.75757575757575,0.6,0.4692378328741965,no
0.45454545454545453,0.5,0.06666666666666667,-1.696969696969697,11.416777261132102,97.45454545454545,0.4,0.5114784205693297,yes
0.8787878787878788,0.875,0.3448275862068966,10.636363636363637,10.421786620519361,109.3030303030303,1,0.4527089072543618,yes
0.45454545454545453,0.5714285714285714,0.06666666666666667,-2.393939393939394,12.116464505837175,92.39393939393939,0.2,0.512396694214876,no
0.6666666666666666,0.7647058823529411,0.18181818181818182,3.393939393939394,12.442214920230727,102.03030303030303,0.6,0.4692378328741965,yes
0.7878787878787878,0.9375,0.6538461538461539,11.787878787878787,12.14690695135385,96.87878787878788,0.8,0.5105601469237833,yes
0.7575757575757576,0.8125,0.28,5,12.703346015912501,100.24242424242425,0.6,0.4931129476584022,yes
0.36363636363636365,0.7142857142857143,0.08333333333333333,-2.3333333333333335,10.242883708539635,97.39393939393939,0.4,0.5472910927456381,no
0.3333333333333333,0.4,0.36363636363636365,-3.606060606060606,13.885557681318101,94.78787878787878,0,0.5215794306703397,no
0.6060606060606061,0.7222222222222222,0.3,1.5151515151515151,14.712072449440145,101.75757575757575,1,0.4885215794306703,yes
0.2727272727272727,0.4,0,-6.242424242424242,10.532777123788101,94.15151515151516,0.4,0.49403122130394855,no
0.3939393939393939,0.5882352941176471,0.15384615384615385,-1.9090909090909092,12.197242609406738,99.27272727272727,0.4,0.4866850321395776,no
0.30303030303030304,0.4,0.3,-3.0303030303030303,12.2996058079234,95.9090909090909,0.2,0.4921946740128558,no
0.42424242424242425,0.375,0.14285714285714285,-1.6666666666666667,12.817631086385138,95.63636363636364,0.4,0.5188246097337006,yes
0.6060606060606061,0.7368421052631579,0.35,3.9696969696969697,12.955415972878024,99.78787878787878,0.4,0.5022956841138659,yes
0.7272727272727273,0.75,0.125,4.181818181818182,11.668479296416868,98.9090909090909,0.6,0.5087235996326905,yes
0.48484848484848486,0.6111111111111112,0.375,1.5757575757575757,13.507012768906156,100.03030303030303,0.4,0.5059687786960514,yes
0.8484848484848485,0.875,0.2857142857142857,7.818181818181818,13.05865265220379,98.66666666666667,0.8,0.4820936639118457,yes
0.5151515151515151,0.5294117647058824,0.23529411764705882,-0.48484848484848486,12.275792265983315,99.21212121212122,0.6,0.4986225895316804,no
0.36363636363636365,0.23076923076923078,0.16666666666666666,-2.242424242424242,10.606690998581694,89.54545454545455,0.4,0.4986225895316804,no
0.5757575757575758,0.7333333333333333,0.42105263157894735,3.787878787878788,15.154944687620885,94.45454545454545,0.6,0.49770431588613406,yes
0.5757575757575758,0.7058823529411765,0.21052631578947367,1.303030303030303,12.177039994608831,96.81818181818181,0.6,0.480257116620753,yes
0.5151515151515151,0.4666666666666667,0.35294117647058826,2.4242424242424243,10.752994649835642,96.96969696969697,0.4,0.5078053259871442,yes
0.6666666666666666,0.7058823529411765,0.36363636363636365,3.9696969696969697,13.99438469638101,91.39393939393939,0.8,0.4839302112029385,yes
0.5757575757575758,0.75,0.3684210526315789,3.4242424242424243,11.707450360321582,98.84848484848484,0.6,0.4931129476584022,yes
0.5454545454545454,0.5882352941176471,0.1111111111111111,-2.8484848484848486,12.08335945660708,96.6969696969697,0.2,0.5206611570247934,yes
0.48484848484848486,0.6470588235294118,0.125,1.2424242424242424,10.928833146287573,91.18181818181819,0.4,0.5087235996326905,no
0.5757575757575758,0.625,0.05263157894736842,0.9696969696969697,10.800708450388939,96.0909090909091,0.6,0.48484848484848486,yes
0.45454545454545453,0.625,0.2,-2.3333333333333335,12.213380640374174,91.54545454545455,0.6,0.5041322314049587,no
0.36363636363636365,0.5,0.08333333333333333,-2.8181818181818183,9.628910067650912,97.42424242424242,1,0.4986225895316804,no
0.3939393939393939,0.5,0.38461538461538464,-3.393939393939394,12.752302228272828,91.24242424242425,0.2,0.4986225895316804,no
0.48484848484848486,0.6666666666666666,0.1875,-0.15151515151515152,12.140122559413301,102.06060606060606,0.2,0.4839302112029385,no
0.6666666666666666,0.6842105263157895,0.3181818181818182,7.03030303030303,11.867721054621356,103.96969696969697,0.8,0.5087235996326905,yes
0.30303030303030304,0.4,0,-8.030303030303031,13.45010420146636,86.96969696969697,0,0.5160697887970616,no
0.3939393939393939,0.45,0.46153846153846156,-1.606060606060606,13.914783940874257,99.18181818181819,0.4,0.5234159779614325,yes
0.7878787878787878,0.9411764705882353,0.2692307692307692,7.303030303030303,12.909504368112009,96.42424242424242,1,0.47474747474747475,yes
0.42424242424242425,0.47058823529411764,0.07142857142857142,-4,13.70218960604472,101.15151515151516,0.2,0.4940312213039486,no
0.3333333333333333,0.25,0.18181818181818182,-4.121212121212121,13.24706943006069,97.66666666666667,1,0.5041322314049587,no
0.48484848484848486,0.5,0.125,-2.6363636363636362,13.081041103965555,88.45454545454545,0.8,0.5013774104683195,no
0.42424242424242425,0.5294117647058824,0.2857142857142857,-0.7272727272727273,13.859276512666362,100.36363636363636,0.4,0.48301193755739213,yes
